SKU,DAFTAR BARANG,KATEGORI,MERK
MHPP0001,AFUR WASBAK PVC HPP,Afur,HPP
MCLAS0001,AFUR WASBAK STAINLESS CLASSIC,Afur,CLASSIC
MHASS0001,AIR DUSTER HASSTON DG-10 0160-130,Air,HASSTON
MHASS0002,ALAT CABUT PIPA KRAN PATAH HASSTON,Alat,HASSTON
MRRT0001,AMPLAS BESI RRT 0,Amplas,RRT
MRRT0002,AMPLAS BESI RRT 1,Amplas,RRT
MRRT0003,AMPLAS BESI RRT 1 1/2,Amplas,RRT
MRRT0004,AMPLAS BESI RRT 2,Amplas,RRT
MRRT0005,AMPLAS BESI RRT 2 1/2,Amplas,RRT
MRRT0006,AMPLAS BESI RRT 3,Amplas,RRT
MJEJE0001,AMPLAS BULAT 100 JEJE,Amplas,JEJE
MMST0001,AMPLAS BULAT 100 MST,Amplas,MST
MJEJE0002,AMPLAS BULAT 120 JEJE,Amplas,JEJE
MSAB0001,AMPLAS BULAT 120 SAB,Amplas,SAB
MJEJE0003,AMPLAS BULAT 150 JEJE,Amplas,JEJE
MSAB0002,AMPLAS BULAT 150 SAB,Amplas,SAB
MJEJE0004,AMPLAS BULAT 180 JEJE,Amplas,JEJE
MSAB0003,AMPLAS BULAT 180 SAB,Amplas,SAB
MMAXT0001,AMPLAS BULAT 240 MAXTECH,Amplas,MAXTECH
MSAB0004,AMPLAS BULAT 240 SAB,Amplas,SAB
MGLAD0001,AMPLAS BULAT 60 GLADIO,Amplas,GLADIO
MSAB0005,AMPLAS BULAT 60 SAB,Amplas,SAB
MSAB0006,AMPLAS BULAT 80 SAB,Amplas,SAB
MRRT0007,AMPLAS DUCO RRT 180,Amplas,RRT
MRRT0008,AMPLAS DUCO RRT 220,Amplas,RRT
MRRT0009,AMPLAS DUCO RRT 240,Amplas,RRT
MFS0001,AMPLAS DUCO RRT 280 FS,Amplas,FS
MRRT0010,AMPLAS DUCO RRT 360,Amplas,RRT
MTAIY0001,AMPLAS DUCO TAIYO 1000,Amplas,TAIYO
MTAIY0002,AMPLAS DUCO TAIYO 120,Amplas,TAIYO
MTAIY0003,AMPLAS DUCO TAIYO 1200,Amplas,TAIYO
MTAIY0004,AMPLAS DUCO TAIYO 1500,Amplas,TAIYO
MTAIY0005,AMPLAS DUCO TAIYO 2000,Amplas,TAIYO
MTAIY0006,AMPLAS DUCO TAIYO 320,Amplas,TAIYO
MTAIY0007,AMPLAS DUCO TAIYO 400,Amplas,TAIYO
MTAIY0008,AMPLAS DUCO TAIYO 500,Amplas,TAIYO
MTAIY0009,AMPLAS DUCO TAIYO 600,Amplas,TAIYO
MTAIY0010,AMPLAS DUCO TAIYO 800,Amplas,TAIYO
MMODE0001,ANGKER M-2100B MODERN,Angker,MODERN
MMODE0002,ANGKER M-2130B MODERN,Angker,MODERN
MMODE0003,ANGKER M-2150 MODERN,Angker,MODERN
MMODE0004,ANGKER M-2300B MODERN,Angker,MODERN
MMODE0005,ANGKER M-2350B MODERN,Angker,MODERN
MMODE0006,ANGKER M-2360B MODERN,Angker,MODERN
MMODE0007,ANGKER M-2600 MODERN,Angker,MODERN
MMODE0008,ANGKER M-2700 MODERN,Angker,MODERN
MMODE0009,ANGKER M-2750 MODERN,Angker,MODERN
MMODE0010,ANGKER M-2900 MODERN,Angker,MODERN
MMOLL0001,ANGKER MOLLAR MT 60,Angker,MOLLAR
MMOLL0002,ANGKER MOLLAR MT 90,Angker,MOLLAR
MARTC0001,AS GROBAK ARTCO,As Grobak,ARTCO
MGENE0001,BAK GEROBAK,Bak Gerobak,GENERIC
MHPP0002,"BALL VALVE GG BESI 1"" HPP",Ball Valve,HPP
MGLX0001,BALL VALVE GG BESI 1/2 GLX,Ball Valve,GLX
MHPP0003,BALL VALVE GG BESI 1/2 HPP,Ball Valve,HPP
MBLIT0001,BALL VALVE GG BESI 3/4 BLITZ,Ball Valve,BLITZ
MHPP0004,BALL VALVE GG BESI 3/4 HPP,Ball Valve,HPP
MHIOS0001,"BALL VALVE KUNINGAN HIOSHI 1/2""",Ball Valve,HIOSHI
MHIOS0002,"BALL VALVE KUNINGAN HIOSHI 3/4""",Ball Valve,HIOSHI
MGRT0001,"BALL VALVE PVC 1"" GRT",Ball Valve,GRT
MGRT0002,BALL VALVE PVC 1/2 GRT,Ball Valve,GRT
MNEW0001,BALL VALVE PVC 1/2 NEW,Ball Valve,NEW
MGRT0003,BALL VALVE PVC 3/4 GRT,Ball Valve,GRT
MNEW0002,BALL VALVE PVC 3/4 NEW,Ball Valve,NEW
MHIOS0003,"BALL VALVE PVC HIOSHI 1""",Ball Valve,HIOSHI
MHIOS0004,"BALL VALVE PVC HIOSHI 1/2""",Ball Valve,HIOSHI
MHIOS0005,"BALL VALVE PVC HIOSHI 3/4""",Ball Valve,HIOSHI
MONDA0001,"BALL VALVE PVC ONDA 1 1/2""",Ball Valve,ONDA
MONDA0002,"BALL VALVE PVC ONDA 1 1/4""",Ball Valve,ONDA
MONDA0003,"BALL VALVE PVC ONDA 1""",Ball Valve,ONDA
MONDA0004,"BALL VALVE PVC ONDA 1/2""",Ball Valve,ONDA
MONDA0005,"BALL VALVE PVC ONDA 2""",Ball Valve,ONDA
MONDA0006,"BALL VALVE PVC ONDA 3/4""",Ball Valve,ONDA
MARTC0002,BAN DALAM ARTCO,Ban,ARTCO
MARTC0003,BAN HIDUP ARTCO,Ban,ARTCO
MARTC0004,BAN KOMPLIT ARTCO,Ban,ARTCO
MARTC0005,BAN LUAR ARTCO,Ban,ARTCO
MARTC0006,BAN MATI ARTCO,Ban,ARTCO
MDIAM0001,BATU ASAH DIAMOND BESAR,Batu,DIAMOND
MDIAM0002,BATU ASAH DIAMOND KECIL,Batu,DIAMOND
MHIOS0006,"BATU ASAH HIOSHI PRO 8""",Batu,HIOSHI
MINAX0001,BATU ASAH INAX BESAR,Batu,INAX
MINAX0002,BATU ASAH INAX KECIL,Batu,INAX
MHIOS0007,BATU ASAH TCT 150 HIOSHI,Batu,HIOSHI
MYY0001,BATU ASAH YY BESAR,Batu,YY
MYY0002,BATU ASAH YY KECIL,Batu,YY
MKINI0001,"BATU GERINDA KINIK 4""",Batu,KINIK
MFLEX0001,"BATU GERINDA ULTRA FLEX 4""",Batu,FLEX
MKINI0002,"BATU SLEP KINIK 4""",Batu,KINIK
MTAIY0011,"BATU SLEP TAIYO 4""",Batu,TAIYO
MHIOS0008,BATU TCT HIOSHI,Batu,HIOSHI
MDIPA0001,BAUT DIPAN,Baut,DIPAN
MJF0001,BAUT JF 3X10,Baut,JF
MJF0002,BAUT JF 3X12,Baut,JF
MJF0003,BAUT JF 3X15,Baut,JF
MJF0004,BAUT JF 3X35,Baut,JF
MJF0005,BAUT JF 3X40,Baut,JF
MJF0006,BAUT JF 3X50,Baut,JF
MJF0007,BAUT JF 3X8,Baut,JF
MJF0008,BAUT JF 4X10,Baut,JF
MJF0009,BAUT JF 4X12,Baut,JF
MJF0010,BAUT JF 4X15,Baut,JF
MJF0011,BAUT JF 4X20,Baut,JF
MJF0012,BAUT JF 4X25,Baut,JF
MJF0013,BAUT JF 4X35,Baut,JF
MJF0014,BAUT JF 4X40,Baut,JF
MJF0015,BAUT JF 4X45,Baut,JF
MJF0016,BAUT JF 4X50,Baut,JF
MJF0017,BAUT JF 5X10,Baut,JF
MJF0018,BAUT JF 5X15,Baut,JF
MJF0019,BAUT JF 5X20,Baut,JF
MJF0020,BAUT JF 5X25,Baut,JF
MJF0021,BAUT JF 5X30,Baut,JF
MJF0022,BAUT JF 5X40,Baut,JF
MJF0023,BAUT JF 5X45,Baut,JF
MJF0024,BAUT JF 5X50,Baut,JF
MJF0025,BAUT JF 6X10,Baut,JF
MJF0026,BAUT JF 6X15,Baut,JF
MJF0027,BAUT JF 6X20,Baut,JF
MJF0028,BAUT JF 6X25,Baut,JF
MJF0029,BAUT JF 6X30,Baut,JF
MJF0030,BAUT JF 6X35,Baut,JF
MJF0031,BAUT JF 6X40,Baut,JF
MJF0032,BAUT JF 6X45,Baut,JF
MJF0033,BAUT JF 6X50,Baut,JF
MJF0034,BAUT JF 6X60,Baut,JF
MJF0035,BAUT JF 8X20,Baut,JF
MJF0036,BAUT JF 8X30,Baut,JF
MJF0037,BAUT JF 8X35,Baut,JF
MJF0038,BAUT JF 8X50,Baut,JF
MJP0001,BAUT JP 3X20,Baut,JP
MJP0002,BAUT JP 3X25,Baut,JP
MJP0003,BAUT JP 3X30,Baut,JP
MJP0004,BAUT JP 3X35,Baut,JP
MJP0005,BAUT JP 3X40,Baut,JP
MJP0006,BAUT JP 3X45,Baut,JP
MJP0007,BAUT JP 3X50,Baut,JP
MJP0008,BAUT JP 3X6,Baut,JP
MJP0009,BAUT JP 3X8,Baut,JP
MJP0010,BAUT JP 4X10,Baut,JP
MJP0011,BAUT JP 4X12,Baut,JP
MJP0012,BAUT JP 4X15,Baut,JP
MJP0013,BAUT JP 4X20,Baut,JP
MJP0014,BAUT JP 4X25,Baut,JP
MJP0015,BAUT JP 4X35,Baut,JP
MJP0016,BAUT JP 4X40,Baut,JP
MJP0017,BAUT JP 4X45,Baut,JP
MJP0018,BAUT JP 4X50,Baut,JP
MJP0019,BAUT JP 4X6,Baut,JP
MJP0020,BAUT JP 4X60,Baut,JP
MJP0021,BAUT JP 4X70,Baut,JP
MJP0022,BAUT JP 4X8,Baut,JP
MJP0023,BAUT JP 5X10,Baut,JP
MJP0024,BAUT JP 5X12,Baut,JP
MJP0025,BAUT JP 5X15,Baut,JP
MJP0026,BAUT JP 5X20,Baut,JP
MJP0027,BAUT JP 5X25,Baut,JP
MJP0028,BAUT JP 5X30,Baut,JP
MJP0029,BAUT JP 5X35,Baut,JP
MJP0030,BAUT JP 5X40,Baut,JP
MJP0031,BAUT JP 5X45,Baut,JP
MJP0032,BAUT JP 5X55,Baut,JP
MJP0033,BAUT JP 5X60,Baut,JP
MJP0034,BAUT JP 5X70,Baut,JP
MJP0035,BAUT JP 5X8,Baut,JP
MJP0036,BAUT JP 5X80,Baut,JP
MJP0037,BAUT JP 5X90,Baut,JP
MJP0038,BAUT JP 6X10,Baut,JP
MJP0039,BAUT JP 6X100,Baut,JP
MJP0040,BAUT JP 6X12,Baut,JP
MJP0041,BAUT JP 6X15,Baut,JP
MJP0042,BAUT JP 6X20,Baut,JP
MJP0043,BAUT JP 6X30,Baut,JP
MJP0044,BAUT JP 6X35,Baut,JP
MJP0045,BAUT JP 6X40,Baut,JP
MJP0046,BAUT JP 6X45,Baut,JP
MJP0047,BAUT JP 6X50,Baut,JP
MJP0048,BAUT JP 6X65,Baut,JP
MJP0049,BAUT JP 6X70,Baut,JP
MJP0050,BAUT JP 6X8,Baut,JP
MJP0051,BAUT JP 6X80,Baut,JP
MJP0052,BAUT JP 6X90,Baut,JP
MJP0053,BAUT JP 8X15,Baut,JP
MJP0054,BAUT JP 8X20,Baut,JP
MJP0055,BAUT JP 8X25,Baut,JP
MJP0056,BAUT JP 8X30,Baut,JP
MJP0057,BAUT JP 8X40,Baut,JP
MJP0058,BAUT JP 8X50,Baut,JP
MJP0059,BAUT JP 8X60,Baut,JP
MMETR0001,BAUT METRIS M10X100,Baut,METRIS
MMETR0002,BAUT METRIS M10X110,Baut,METRIS
MMETR0003,BAUT METRIS M10X120,Baut,METRIS
MMETR0004,BAUT METRIS M10X130,Baut,METRIS
MMETR0005,BAUT METRIS M10X140,Baut,METRIS
MMETR0006,BAUT METRIS M10X15,Baut,METRIS
MMETR0007,BAUT METRIS M10X150,Baut,METRIS
MMETR0008,BAUT METRIS M10X20,Baut,METRIS
MMETR0009,BAUT METRIS M10X25,Baut,METRIS
MMETR0010,BAUT METRIS M10X30,Baut,METRIS
MMETR0011,BAUT METRIS M10X40,Baut,METRIS
MMETR0012,BAUT METRIS M10X45,Baut,METRIS
MMETR0013,BAUT METRIS M10X45,Baut,METRIS
MMETR0014,BAUT METRIS M10X50,Baut,METRIS
MMETR0015,BAUT METRIS M10X60,Baut,METRIS
MMETR0016,BAUT METRIS M10X70,Baut,METRIS
MMETR0017,BAUT METRIS M10X80,Baut,METRIS
MMETR0018,BAUT METRIS M10X90,Baut,METRIS
MMETR0019,BAUT METRIS M12X100,Baut,METRIS
MMETR0020,BAUT METRIS M12X110,Baut,METRIS
MMETR0021,BAUT METRIS M12X120,Baut,METRIS
MMETR0022,BAUT METRIS M12X130,Baut,METRIS
MMETR0023,BAUT METRIS M12X140,Baut,METRIS
MMETR0024,BAUT METRIS M12X20,Baut,METRIS
MMETR0025,BAUT METRIS M12X30,Baut,METRIS
MMETR0026,BAUT METRIS M12X40,Baut,METRIS
MMETR0027,BAUT METRIS M12X50,Baut,METRIS
MMETR0028,BAUT METRIS M12X60,Baut,METRIS
MMETR0029,BAUT METRIS M12X70,Baut,METRIS
MMETR0030,BAUT METRIS M12X80,Baut,METRIS
MMETR0031,BAUT METRIS M12X90,Baut,METRIS
MMETR0032,BAUT METRIS M6X10,Baut,METRIS
MMETR0033,BAUT METRIS M6X100,Baut,METRIS
MMETR0034,BAUT METRIS M6X15,Baut,METRIS
MMETR0035,BAUT METRIS M6X20,Baut,METRIS
MMETR0036,BAUT METRIS M6X25,Baut,METRIS
MMETR0037,BAUT METRIS M6X30,Baut,METRIS
MMETR0038,BAUT METRIS M6X35,Baut,METRIS
MMETR0039,BAUT METRIS M6X40,Baut,METRIS
MMETR0040,BAUT METRIS M6X45,Baut,METRIS
MMETR0041,BAUT METRIS M6X50,Baut,METRIS
MMETR0042,BAUT METRIS M6X55,Baut,METRIS
MMETR0043,BAUT METRIS M6X60,Baut,METRIS
MMETR0044,BAUT METRIS M6X65,Baut,METRIS
MMETR0045,BAUT METRIS M6X70,Baut,METRIS
MMETR0046,BAUT METRIS M6X75,Baut,METRIS
MMETR0047,BAUT METRIS M6X80,Baut,METRIS
MMETR0048,BAUT METRIS M6X90,Baut,METRIS
MMETR0049,BAUT METRIS M8X100,Baut,METRIS
MMETR0050,BAUT METRIS M8X110,Baut,METRIS
MMETR0051,BAUT METRIS M8X120,Baut,METRIS
MMETR0052,BAUT METRIS M8X130,Baut,METRIS
MMETR0053,BAUT METRIS M8X140,Baut,METRIS
MMETR0054,BAUT METRIS M8X15,Baut,METRIS
MMETR0055,BAUT METRIS M8X150,Baut,METRIS
MMETR0056,BAUT METRIS M8X20,Baut,METRIS
MMETR0057,BAUT METRIS M8X25,Baut,METRIS
MMETR0058,BAUT METRIS M8X30,Baut,METRIS
MMETR0059,BAUT METRIS M8X35,Baut,METRIS
MMETR0060,BAUT METRIS M8X40,Baut,METRIS
MMETR0061,BAUT METRIS M8X45,Baut,METRIS
MMETR0062,BAUT METRIS M8X50,Baut,METRIS
MMETR0063,BAUT METRIS M8X55,Baut,METRIS
MMETR0064,BAUT METRIS M8X60,Baut,METRIS
MMETR0065,BAUT METRIS M8X65,Baut,METRIS
MMETR0066,BAUT METRIS M8X70,Baut,METRIS
MMETR0067,BAUT METRIS M8X75,Baut,METRIS
MMETR0068,BAUT METRIS M8X80,Baut,METRIS
MMETR0069,BAUT METRIS M8X90,Baut,METRIS
MWP0001,BAUT WP 10,Baut,WP
MWP0002,BAUT WP 10X30,Baut,WP
MWP0003,BAUT WP 12,Baut,WP
MWP0004,BAUT WP 12X30,Baut,WP
MWP0005,BAUT WP 3,Baut,WP
MWP0006,BAUT WP 4,Baut,WP
MWP0007,BAUT WP 5,Baut,WP
MWP0008,BAUT WP 6,Baut,WP
MWP0009,BAUT WP 6X18,Baut,WP
MWP0010,BAUT WP 6X20,Baut,WP
MWP0011,BAUT WP 6X23,Baut,WP
MWP0012,BAUT WP 8,Baut,WP
MWP0013,BAUT WP 8X20,Baut,WP
MWP0014,BAUT WP 8X23,Baut,WP
MHIOS0009,"BETEL TOPI JUMBO LANCIP 10"" HIOSHI",Betel,HIOSHI
MHIOS0010,"BETEL TOPI JUMBO PAPAK 10"" HIOSHI",Betel,HIOSHI
MCOSM0001,BLENDER COSMOS CB - 171 P,Blender,COSMOS
MPL0001,BLENDER MIYAKO BL - 101 PL,Blender,PL
MHIOS0011,BODEM HIOSHI 2LB,Bodem,HIOSHI
MA0001,BODI DORONG MULLER SS MLR-940 A,Bodi,A
MKODA0001,BODI KUNCI BESAR KODAI,Bodi,KODAI
MBOST0001,BODI KUNCI BOSTON,Bodi,BOSTON
MMALV0001,BODI KUNCI DORONG MALVIN,Bodi,MALVIN
MGOME0001,BODI KUNCI GOMEO,Bodi,GOMEO
MSIGN0001,BODI KUNCI GOMEO SIGNATURE,Bodi,SIGNATURE
MMULL0001,BODI KUNCI MULLER 58C450,Bodi,MULLER
MMULL0002,BODI KUNCI MULLER 8016 SS,Bodi,MULLER
MMULL0003,BODI KUNCI MULLER 8022,Bodi,MULLER
MA0002,BODI KUNCI MULLER 940 A,Bodi,A
MCLAS0002,BODI KUNCI STAR CLASSIC,Bodi,CLASSIC
MEAST0001,BODI PELOR EASTGUARD,Bodi,EASTGUARD
MHSJ0001,BODI PELOR HSJ,Bodi,HSJ
MHSJ0002,BODI PELOR HSJ,Bodi,HSJ
MMULL0004,BODI PELOR MULLER 9018 SS,Bodi,MULLER
MEXCE0001,BODY HARNESS SINGLE HOOK EXCELLENT,Body Harness,EXCELLENT
MMODE0011,BOR DUDUK MINI MODERN M-10,Bor,MODERN
MKAPA0001,BULU KUAS ROL KAPAL,Bulu Kuas,KAPAL
MSUPR0001,"BULU KUAS ROL KAPAL SUPRA 4""",Bulu Kuas,SUPRA
MHIOS0012,CATOK PIPA HIOSHI PRO NO 2,Catok,HIOSHI
MCAME0001,"CATUT KAKAK TUA 9"" CAMEL",Catut,CAMEL
MFUKU0001,"CATUT KAKAK TUA 9"" FUKUDA",Catut,FUKUDA
MGRT0004,"CATUT KAKAK TUA 9"" GRT",Catut,GRT
MHPP0005,"CATUT KAKAK TUA 9"" HPP",Catut,HPP
MHSJ0003,"CATUT KAKAK TUA 9"" HSJ",Catut,HSJ
MWANL0001,"CATUT KAKAK TUA 9"" WANLY",Catut,WANLY
MMODE0012,CB 100 MODERN,CB,MODERN
MMODE0013,CB 21 MODERN,CB,MODERN
MMODE0014,CB 411 MODERN,CB,MODERN
MMODE0015,CB 51 MODERN,CB,MODERN
MMODE0016,CB 64 MODERN,CB,MODERN
MMAKI0001,CB 85A MAKITA,CB,MAKITA
MHIOS0013,CETOK BATA RINGAN 10CM HIOSHI,Cetok,HIOSHI
MWANL0002,"CETOK BULAT 6"" WANLY",Cetok,WANLY
MBISO0001,"CETOK BULAT 7"" BISON",Cetok,BISON
MHIOS0014,"CETOK BULAT 7"" HIOSHI",Cetok,HIOSHI
MWANL0003,"CETOK BULAT 7"" WANLY",Cetok,WANLY
MWANL0004,"CETOK BULAT 8"" WANLY",Cetok,WANLY
MHIOS0015,"CETOK LANCIP 7"" HIOSHI",Cetok,HIOSHI
MWANL0005,"CETOK OVAL 6"" WANLY",Cetok,WANLY
MBISO0002,"CETOK OVAL 7"" BISON",Cetok,BISON
MHIOS0016,"CHECK VALVE KUNINGAN HIOSHI 1/2""",Check Valve,HIOSHI
MHIOS0017,"CHECK VALVE KUNINGAN HIOSHI 3/4""",Check Valve,HIOSHI
MLAZA0001,CONNECTOR KABEL LAS FEMALE 10-25 LAZARO,Connector,LAZARO
MLAZA0002,CONNECTOR KABEL LAS MALE 10-25 LAZARO,Connector,LAZARO
MGRT0005,"CUTTING GRT 4""",Cutting,GRT
MWD0001,"CUTTING WD 4""",Cutting,WD
MBEST0001,DIAMOND HOLE SAW KACA BESTGUARD 10MM,Diamond Hole Saw,BESTGUARD
MBEST0002,DIAMOND HOLE SAW KACA BESTGUARD 12MM,Diamond Hole Saw,BESTGUARD
MBEST0003,DIAMOND HOLE SAW KACA BESTGUARD 28MM,Diamond Hole Saw,BESTGUARD
MBEST0004,DIAMOND HOLE SAW KACA BESTGUARD 8MM,Diamond Hole Saw,BESTGUARD
MIWA0001,DIAMOND HOLE SAW KACA IWA SET 5 PCS,Diamond Hole Saw,IWA
MBOSC0001,DIAMOND WHEEL BOSCH BASAH,Diamond Wheel,BOSCH
MBOSC0002,DIAMOND WHEEL BOSCH BEST,Diamond Wheel,BOSCH
MBOSC0003,DIAMOND WHEEL BOSCH KERING,Diamond Wheel,BOSCH
MBOSC0004,DIAMOND WHEEL BOSCH TURBO,Diamond Wheel,BOSCH
MMEIJ0001,"DIAMOND WHEEL CUP MEIJER 4""",Diamond Wheel,MEIJER
MMST0002,"DIAMOND WHEEL CUP MST 3""",Diamond Wheel,MST
MGOME0002,DIAMOND WHEEL GOMEO KERING,Diamond Wheel,GOMEO
MGOME0003,DIAMOND WHEEL GOMEO TURBO,Diamond Wheel,GOMEO
MMAXT0002,DIAMOND WHEEL MAXTECH TURBO,Diamond Wheel,MAXTECH
MMULL0005,DIAMOND WHEEL MULLER TURBO,Diamond Wheel,MULLER
MSCHL0001,DIAMOND WHEEL SCHLIEPER KERING,Diamond Wheel,SCHLIEPER
MISCO0001,DIAMOND WHEEL TURBO ISCO,Diamond Wheel,ISCO
MEAST0002,DOOR CLOSER BLACK EASTGUARD,Door Closer,EASTGUARD
MEAST0003,DOOR CLOSER WHITE EASTGUARD,Door Closer,EASTGUARD
MMODE0017,DUDUKAN BOR MODERN,Dudukan,MODERN
MMODE0018,DUDUKAN GERINDA MODERN,Dudukan,MODERN
MDYNA0001,DYNABOLT 10X50,Dynabolt,DYNABOLT
MDYNA0002,DYNABOLT 10X65,Dynabolt,DYNABOLT
MDYNA0003,DYNABOLT 10X77,Dynabolt,DYNABOLT
MDYNA0004,DYNABOLT 10X97,Dynabolt,DYNABOLT
MDYNA0005,DYNABOLT 12X129,Dynabolt,DYNABOLT
MDYNA0006,DYNABOLT 12X160,Dynabolt,DYNABOLT
MDYNA0007,DYNABOLT 12X60,Dynabolt,DYNABOLT
MDYNA0008,DYNABOLT 12X99,Dynabolt,DYNABOLT
MDYNA0009,DYNABOLT 16X111,Dynabolt,DYNABOLT
MDYNA0010,DYNABOLT 16X147,Dynabolt,DYNABOLT
MDYNA0011,DYNABOLT 16X65,Dynabolt,DYNABOLT
MDYNA0012,DYNABOLT 16X85,Dynabolt,DYNABOLT
MDYNA0013,DYNABOLT 20X107,Dynabolt,DYNABOLT
MDYNA0014,DYNABOLT 20X151,Dynabolt,DYNABOLT
MDYNA0015,DYNABOLT 20X188,Dynabolt,DYNABOLT
MDYNA0016,DYNABOLT 20X75,Dynabolt,DYNABOLT
MDYNA0017,DYNABOLT 8X40,Dynabolt,DYNABOLT
MDYNA0018,DYNABOLT 8X65,Dynabolt,DYNABOLT
MDYNA0019,DYNABOLT 8X85,Dynabolt,DYNABOLT
MAMAN0001,"ENGSEL AMANI 3""",Engsel,AMANI
MAXL0001,"ENGSEL AXL 4"" BLACK",Engsel,AXL
MGOME0004,"ENGSEL GOMEO 3"" GP",Engsel,GOMEO
MGOME0005,"ENGSEL GOMEO 3"" SN",Engsel,GOMEO
MGOME0006,"ENGSEL GOMEO 4"" GP",Engsel,GOMEO
MGOME0007,"ENGSEL GOMEO 4"" SN",Engsel,GOMEO
MGOME0008,"ENGSEL GOMEO 5"" BLACK",Engsel,GOMEO
MGOME0009,"ENGSEL GOMEO 5"" GP",Engsel,GOMEO
MGOME0010,"ENGSEL GOMEO 5"" SN",Engsel,GOMEO
MMADI0001,ENGSEL H MADICO 110 X 55MM,Engsel,MADICO
MOBAT0001,"ENGSEL HITAM 3"" OBAT",Engsel,OBAT
MOLIQ0001,"ENGSEL HITAM 4"" OLIQ",Engsel,OLIQ
MAXL0002,"ENGSEL HITAM 5"" AXL",Engsel,AXL
MHPP0006,"ENGSEL HPP 3"" GP",Engsel,HPP
MHPP0007,"ENGSEL HPP 3"" SN",Engsel,HPP
MHPP0008,"ENGSEL HPP 4"" GP",Engsel,HPP
MHPP0009,"ENGSEL HPP 4"" SN",Engsel,HPP
MIDEK0001,"ENGSEL IDEKU 5"" GP",Engsel,IDEKU
MRRT0011,"ENGSEL LOSPEN RRT 2 1/2""",Engsel,RRT
MRRT0012,"ENGSEL LOSPEN RRT 2""",Engsel,RRT
MRRT0013,"ENGSEL LOSPEN RRT 3""",Engsel,RRT
MIGM0001,"ENGSEL PER HITAM 3"" IGM",Engsel,IGM
MFRED0001,"ENGSEL PER HITAM 4"" FREDER",Engsel,FREDER
MGENE0002,"ENGSEL PVC 4""",Engsel,GENERIC
MZP0001,"ENGSEL SALON 9"" ZP",Engsel,ZP
MIGM0002,"ENGSEL SALON IGM 9""",Engsel,IGM
MHUBE0001,ENGSEL SENDOK BENGKOK HUBEN MT 16,Engsel,HUBEN
MHUBE0002,ENGSEL SENDOK LURUS HUBEN MT 0,Engsel,HUBEN
MHUBE0003,ENGSEL SENDOK MINI BENGKOK HUBEN,Engsel,HUBEN
MHUBE0004,ENGSEL SENDOK MINI LURUS HUBEN,Engsel,HUBEN
MHUBE0005,ENGSEL SENDOK SEMI HUBEN,Engsel,HUBEN
MDOLP0001,"ENGSEL STAINLESS DOLPHIN 3""",Engsel,DOLPHIN
MDOLP0002,"ENGSEL STAINLESS DOLPHIN 4""",Engsel,DOLPHIN
MDOLP0003,"ENGSEL STAINLESS DOLPHIN 5""",Engsel,DOLPHIN
MMDN0001,"ENGSEL T 10"" MDN",Engsel,MDN
MMDN0002,"ENGSEL T 6"" MDN",Engsel,MDN
MMDN0003,"ENGSEL T 8"" MDN",Engsel,MDN
MGOME0011,"ENGSEL TIPIS GOMEO 2 1/2""",Engsel,GOMEO
MGOME0012,"ENGSEL TIPIS GOMEO 2""",Engsel,GOMEO
MGOME0013,"ENGSEL TIPIS GOMEO 3""",Engsel,GOMEO
MRRT0014,"ENGSEL TIPIS RRT 2 1/2""",Engsel,RRT
MRRT0015,"ENGSEL TIPIS RRT 2""",Engsel,RRT
MRRT0016,"ENGSEL TIPIS RRT 3""",Engsel,RRT
MWANL0006,"ENGSEL WANLY 3"" SN",Engsel,WANLY
MHASS0003,FEELER GAUGE 13 PCS BLADES HASSTON,Feeler Gauge,HASSTON
MKOMP0001,FILTER ANGIN KOMPRESOR,Filter,KOMPRESOR
MKINC0001,FILTER KRAN KINCIR,Filter,KINCIR
MFISC0001,FISCHER S10,Fischer,FISCHER
MFISC0002,FISCHER S12,Fischer,FISCHER
MFISC0003,FISCHER S5,Fischer,FISCHER
MFISC0004,FISCHER S6,Fischer,FISCHER
MFISC0005,FISCHER S8,Fischer,FISCHER
MOTOM0001,FLAME GUN OTOMATIS NO 920,Flame Gun,OTOMATIS
MTAIY0012,FLAP DISC TAIYO 100,Flap Disc,TAIYO
MTAIY0013,FLAP DISC TAIYO 120,Flap Disc,TAIYO
MTAIY0014,FLAP DISC TAIYO 150,Flap Disc,TAIYO
MTAIY0015,FLAP DISC TAIYO 180,Flap Disc,TAIYO
MTAIY0016,FLAP DISC TAIYO 240,Flap Disc,TAIYO
MTAIY0017,FLAP DISC TAIYO 60,Flap Disc,TAIYO
MTAIY0018,FLAP DISC TAIYO 80,Flap Disc,TAIYO
MHIOS0018,"FOOT KLEP KUNINGAN 3/4"" HIOSHI",Foot Klep,HIOSHI
MBESU0001,"FOOT KLEP PVC 1"" BEST",Foot Klep,BEST
MBESV0001,FOOT KLEP PVC 3/4 BEST,Foot Klep,BEST
MCAB0001,FOOT KLEP PVC JUMBO 3/4 CAB,Foot Klep,CAB
MHANJ0001,FOOT KLEP PVC JUMBO 3/4 HANJIN,Foot Klep,HANJIN
MGLX0002,GEMBOK HITAM GLX 30MM,Gembok,GLX
MGRT0006,GEMBOK HITAM GRT 20MM,Gembok,GRT
MGRT0007,GEMBOK HITAM GRT 25MM,Gembok,GRT
MGRT0008,GEMBOK HITAM GRT 30MM,Gembok,GRT
MGRT0009,GEMBOK HITAM GRT 40MM,Gembok,GRT
MGRT0010,GEMBOK HITAM GRT 50MM,Gembok,GRT
MHIOS0019,GEMBOK JODOH LEHER PANJANG 30MM HIOSHI,Gembok,HIOSHI
MHIOS0020,GEMBOK JODOH LEHER PANJANG 40MM HIOSHI,Gembok,HIOSHI
MHIOS0021,GEMBOK JODOH LEHER PANJANG 60MM HIOSHI,Gembok,HIOSHI
MHIOS0022,GEMBOK JODOH LEHER PENDEK  60MM HIOSHI,Gembok,HIOSHI
MHIOS0023,GEMBOK JODOH LEHER PENDEK 30MM HIOSHI,Gembok,HIOSHI
MHIOS0024,GEMBOK JODOH LEHER PENDEK 40MM HIOSHI,Gembok,HIOSHI
MHIOS0025,GEMBOK JODOH LEHER PENDEK 50MM HIOSHI,Gembok,HIOSHI
MHIOS0026,GEMBOK JODOH LEHR PANJANG 50MM HIOSHI,Gembok,HIOSHI
MHPP0010,GEMBOK KUNING HPP 20MM,Gembok,HPP
MHPP0011,GEMBOK KUNING HPP 25MM,Gembok,HPP
MKEEP0001,GEMBOK KUNING KEEP 20MM,Gembok,KEEP
MKEEP0002,GEMBOK KUNING KEEP 30MM,Gembok,KEEP
MKEEP0003,GEMBOK KUNING KEEP 40MM,Gembok,KEEP
MNISH0001,GEMBOK KUNING NISHIO 32MM,Gembok,NISHIO
MNISH0002,GEMBOK KUNING NISHIO 38MM,Gembok,NISHIO
MNISH0003,GEMBOK KUNING NISHIO 50MM,Gembok,NISHIO
MVERR0001,GEMBOK LEHER PANJANG 30MM VERRIZ,Gembok,VERRIZ
MVERR0002,GEMBOK LEHER PANJANG 40MM VERRIZ,Gembok,VERRIZ
MVERR0003,GEMBOK LEHER PANJANG 50MM VERRIZ,Gembok,VERRIZ
MVERR0004,GEMBOK LEHER PANJANG 60MM VERRIZ,Gembok,VERRIZ
MHPP0012,GEMBOK LEHER PANJANG HPP 30MM,Gembok,HPP
MHPP0013,GEMBOK LEHER PANJANG HPP 40MM,Gembok,HPP
MHPP0014,GEMBOK LEHER PANJANG HPP 50MM,Gembok,HPP
MHPP0015,GEMBOK LEHER PANJANG HPP 60MM,Gembok,HPP
MKEEP0004,GEMBOK LEHER PANJANG KEEP 40MM,Gembok,KEEP
MKEEP0005,GEMBOK LEHER PANJANG KEEP 50MM,Gembok,KEEP
MKEEP0006,GEMBOK LEHER PANJANG KEEP 60MM,Gembok,KEEP
MOLIQ0002,GEMBOK LEHER PENDEK 30MM OLIQ,Gembok,OLIQ
MVERR0005,GEMBOK LEHER PENDEK 40MM VERRIZ,Gembok,VERRIZ
MVERR0006,GEMBOK LEHER PENDEK 50MM VERRIZ,Gembok,VERRIZ
MVERR0007,GEMBOK LEHER PENDEK 60MM VERRIZ,Gembok,VERRIZ
MHPP0016,GEMBOK LEHER PENDEK HPP 30MM,Gembok,HPP
MHPP0017,GEMBOK LEHER PENDEK HPP 40MM,Gembok,HPP
MHPP0018,GEMBOK LEHER PENDEK HPP 50MM,Gembok,HPP
MHPP0019,GEMBOK LEHER PENDEK HPP 60MM,Gembok,HPP
MKEEP0007,GEMBOK LEHER PENDEK KEEP 50MM,Gembok,KEEP
MKEEP0008,GEMBOK LEHER PENDEK KEEP 60MM,Gembok,KEEP
MHIOS0027,GEMBOK OVAL LEHER PANJANG 30MM HIOSHI,Gembok,HIOSHI
MHIOS0028,GEMBOK OVAL LEHER PANJANG 40MM HIOSHI,Gembok,HIOSHI
MHIOS0029,GEMBOK OVAL LEHER PANJANG 50MM HIOSHI,Gembok,HIOSHI
MHIOS0030,GEMBOK OVAL LEHER PENDEK 30MM HIOSHI,Gembok,HIOSHI
MHIOS0031,GEMBOK OVAL LEHER PENDEK 40MM HIOSHI,Gembok,HIOSHI
MHIOS0032,GEMBOK OVAL LEHER PENDEK 50MM HIOSHI,Gembok,HIOSHI
MHIOS0033,"GERGAJI BATA RINGAN 18"" HIOSHI",Gergaji,HIOSHI
MHIOS0034,GERGAJI BATA RINGAN HIOSHI,Gergaji,HIOSHI
MOLIQ0003,"GERGAJI BATA RINGAN OLIQ 18""",Gergaji,OLIQ
MHIOS0035,"GERGAJI KAYU MANTAP 14"" HIOSHI",Gergaji,HIOSHI
MHIOS0036,"GERGAJI KAYU MANTAP 16"" HIOSHI",Gergaji,HIOSHI
MHIOS0037,GERGAJI KOPI GAGANG KAYU HIOSHI,Gergaji,HIOSHI
MHIOS0038,"GERGAJI KOPI GAGANG PIPA HIOSHI 15""",Gergaji,HIOSHI
MMODE0019,GERINDA DUDUK MODERN MD-150,Gerinda,MODERN
MMODE0020,GERINDA DUDUK MODERN MD-200,Gerinda,MODERN
MARTC0007,GEROBAK ARTCO,Gerobak,ARTCO
MGDO0001,GEROBAK GDO,Gerobak,GDO
MISCO0002,GEROBAK ISCO TEBAL,Gerobak,ISCO
MISCO0003,GEROBAK PVC ISCO,Gerobak,ISCO
MWANL0007,"GRENDEL BABET  WANLY 4"" GP",Grendel,WANLY
MHSJ0004,"GRENDEL BABET HSJ  3"" CP",Grendel,HSJ
MHSJ0005,"GRENDEL BABET HSJ 3"" GP",Grendel,HSJ
MWANL0008,"GRENDEL BABET WANLY 2"" GP",Grendel,WANLY
MWANL0009,"GRENDEL BABET WANLY 2"" SN",Grendel,WANLY
MKZK0001,"GRENDEL DOUBLE PLAT KZK 10""",Grendel,KZK
MKZK0002,"GRENDEL DOUBLE PLAT KZK 12""",Grendel,KZK
MKZK0003,"GRENDEL DOUBLE PLAT KZK 2""",Grendel,KZK
MKZK0004,"GRENDEL DOUBLE PLAT KZK 3""",Grendel,KZK
MKZK0005,"GRENDEL DOUBLE PLAT KZK 4""",Grendel,KZK
MKZK0006,"GRENDEL DOUBLE PLAT KZK 5""",Grendel,KZK
MKZK0007,"GRENDEL DOUBLE PLAT KZK 6""",Grendel,KZK
MKZK0008,"GRENDEL DOUBLE PLAT KZK 8""",Grendel,KZK
MKURA0001,GRENDEL JEPIT KURA AC,Grendel,KURA
MKURA0002,GRENDEL JEPIT KURA PUTIH,Grendel,KURA
MCAB0002,GRENDEL OTOMATIS CAB,Grendel,CAB
MMAJE0001,"GRENDEL OVAL MAJESTY 2""",Grendel,MAJESTY
MMAJE0002,"GRENDEL OVAL MAJESTY 3""",Grendel,MAJESTY
MREYN0001,GRENDEL PER AC REYNER,Grendel,REYNER
MREYN0002,GRENDEL PER KUNING REYNER,Grendel,REYNER
MREYN0003,GRENDEL PER PUTIH REYNER,Grendel,REYNER
MREYN0004,GRENDEL PER SILVER REYNER,Grendel,REYNER
MGENE0003,GRENDEL PVC,Grendel,GENERIC
MGENE0004,"GRENDEL STAINLESS 18""",Grendel,GENERIC
MGENE0005,"GRENDEL STAINLESS 24""",Grendel,GENERIC
MGOME0014,"GRENDEL STAINLESS GOMEO 10""",Grendel,GOMEO
MGOME0015,"GRENDEL STAINLESS GOMEO 12""",Grendel,GOMEO
MGOME0016,"GRENDEL STAINLESS GOMEO 2""",Grendel,GOMEO
MGOME0017,"GRENDEL STAINLESS GOMEO 3""",Grendel,GOMEO
MGOME0018,"GRENDEL STAINLESS GOMEO 4""",Grendel,GOMEO
MGOME0019,"GRENDEL STAINLESS GOMEO 6""",Grendel,GOMEO
MGOME0020,"GRENDEL STAINLESS GOMEO 8""",Grendel,GOMEO
MGRT0011,"GRENDEL TANAM GRT 8"" + 24""",Grendel,GRT
MKURA0003,"GRENDEL UCP KURA 2""",Grendel,KURA
MKURA0004,"GRENDEL UCP KURA 3""",Grendel,KURA
MKURA0005,"GRENDEL UCP KURA 4""",Grendel,KURA
MHIOS0039,"GUNTING DAHAN HIOSHI 8""",Gunting,HIOSHI
MHIOS0040,"GUNTING DAHAN HIOSHI 9""",Gunting,HIOSHI
MHIOS0041,"GUNTING HOLO LURUS 10"" HIOSHI",Gunting,HIOSHI
MHIOS0042,"GUNTING KERTAS 6"" HIOSHI",Gunting,HIOSHI
MHIOS0043,"GUNTING KERTAS HIOSHI HD 8""",Gunting,HIOSHI
MWANL0010,GUNTING KODOK WANLY,Gunting,WANLY
MCAME0002,GUNTING PIPA CAMEL,Gunting,CAMEL
MHIOS0044,"GUNTING SENG HIOSHI 8""",Gunting,HIOSHI
MHIOS0045,GUNTING TAMAN GAGANG KAYU HIOSHI,Gunting,HIOSHI
MKENM0001,GUNTING TAMAN PAGAR GAGANG BESI KENMASTER,Gunting,KENMASTER
MVIPE0001,GUNTING TAMAN PAGAR GAGANG BESI TARIK VIPER,Gunting,VIPER
MKENC0001,"HAK ANGIN 4"" SN KENCANA",Hak Angin,KENCANA
MMULL0006,HAK ANGIN MULLER 449 SN,Hak Angin,MULLER
MGP0001,"HAK ANGIN PROYEK 8"" GP",Hak Angin,GP
MSN0001,"HAK ANGIN PROYEK 8"" SN",Hak Angin,SN
MJUWA0001,HAK ANGIN SEGI ENAM CHROME JUWANA,Hak Angin,JUWANA
MJUWA0002,HAK ANGIN SEGI ENAM GP JUWANA,Hak Angin,JUWANA
MCLAS0003,HAND SHOWER CLASSIC,Hand Shower,CLASSIC
MISCO0004,HAND SHOWER ISCO,Hand Shower,ISCO
MONDA0007,HAND SHOWER ONDA SO KUL,Hand Shower,ONDA
MONDA0008,HAND SHOWER ONDA SO TUL,Hand Shower,ONDA
MMODE0021,HEATGUN MODERN M-2050,Heatgun,MODERN
MHASS0004,HELM LAS HASSTON 4450-011,Helm,HASSTON
MPROY0001,HELM PROYEK BIRU,Helm,PROYEK
MPROY0002,HELM PROYEK KUNING,Helm,PROYEK
MPROY0003,HELM PROYEK ORANGE,Helm,PROYEK
MPROY0004,HELM PROYEK PUTIH,Helm,PROYEK
MKUGE0001,HOLE SAW BESI KUGEL 12MM,Hole Saw,KUGEL
MKUGE0002,HOLE SAW BESI KUGEL 13MM,Hole Saw,KUGEL
MKUGE0003,HOLE SAW BESI KUGEL 14MM,Hole Saw,KUGEL
MKUGE0004,HOLE SAW BESI KUGEL 15MM,Hole Saw,KUGEL
MKUGE0005,HOLE SAW BESI KUGEL 16MM,Hole Saw,KUGEL
MKUGE0006,HOLE SAW BESI KUGEL 17MM,Hole Saw,KUGEL
MKUGE0007,HOLE SAW BESI KUGEL 18MM,Hole Saw,KUGEL
MKUGE0008,HOLE SAW BESI KUGEL 19MM,Hole Saw,KUGEL
MKUGE0009,HOLE SAW BESI KUGEL 20MM,Hole Saw,KUGEL
MKUGE0010,HOLE SAW BESI KUGEL 21MM,Hole Saw,KUGEL
MKUGE0011,HOLE SAW BESI KUGEL 22MM,Hole Saw,KUGEL
MKUGE0012,HOLE SAW BESI KUGEL 23MM,Hole Saw,KUGEL
MKUGE0013,HOLE SAW BESI KUGEL 24MM,Hole Saw,KUGEL
MKUGE0014,HOLE SAW BESI KUGEL 25MM,Hole Saw,KUGEL
MKUGE0015,HOLE SAW BESI KUGEL 28MM,Hole Saw,KUGEL
MKUGE0016,HOLE SAW BESI KUGEL 30MM,Hole Saw,KUGEL
MKUGE0017,HOLE SAW BESI KUGEL 32MM,Hole Saw,KUGEL
MKUGE0018,HOLE SAW BESI KUGEL 40MM,Hole Saw,KUGEL
MKUGE0019,HOLE SAW BESI KUGEL 42MM,Hole Saw,KUGEL
MKUGE0020,HOLE SAW BESI KUGEL 45MM,Hole Saw,KUGEL
MLAZA0003,HOLESAW BESI LAZARO 16MM,Hole Saw,LAZARO
MLAZA0004,HOLESAW BESI LAZARO 18MM,Hole Saw,LAZARO
MLAZA0005,HOLESAW BESI LAZARO 19MM,Hole Saw,LAZARO
MLAZA0006,HOLESAW BESI LAZARO 20MM,Hole Saw,LAZARO
MLAZA0007,HOLESAW BESI LAZARO 22MM,Hole Saw,LAZARO
MLAZA0008,HOLESAW BESI LAZARO 25MM,Hole Saw,LAZARO
MLAZA0009,HOLESAW BESI LAZARO 30MM,Hole Saw,LAZARO
MSUNR0001,HOT PLATE STEAK BULAT SUNRISE,Hot Plate,SUNRISE
MCUTT0001,ISI CUTTER,Isi,CUTTER
MCHRO0001,JET SHOWER EINER CHROME,Jet Shower,CHROME
MEINE0001,JET SHOWER EINER PUTIH,Jet Shower,EINER
MIGM0003,JET SHOWER IGM BLACK IS-044,Jet Shower,IGM
MIGM0004,JET SHOWER IGM CHROME IS-057,Jet Shower,IGM
MONDA0009,JET SHOWER ONDA KUL CHROME,Jet Shower,ONDA
MONDA0010,JET SHOWER ONDA KUL WHITE,Jet Shower,ONDA
METER0001,"KABEL LISTRIK ETERNA NYA 1,5 BIRU",Kabel,ETERNA
METER0002,"KABEL LISTRIK ETERNA NYA 1,5 HITAM",Kabel,ETERNA
METER0003,"KABEL LISTRIK ETERNA NYA 1,5 KUNING",Kabel,ETERNA
METER0004,"KABEL LISTRIK ETERNA NYA 1,5 MERAH",Kabel,ETERNA
METER0005,"KABEL LISTRIK ETERNA NYM 2X1,5",Kabel,ETERNA
METER0006,"KABEL LISTRIK ETERNA NYM 2X2,5",Kabel,ETERNA
METER0007,"KABEL LISTRIK ETERNA NYM 3X1,5",Kabel,ETERNA
METER0008,"KABEL LISTRIK ETERNA NYM 3X2,5",Kabel,ETERNA
METER0009,"KABEL LISTRIK ETERNA NYMHY 2X0,75",Kabel,ETERNA
MHASS0005,KABEL TIES HASSTON 100 HITAM,Kabel,HASSTON
MHASS0006,KABEL TIES HASSTON 100 PUTIH,Kabel,HASSTON
MHASS0007,KABEL TIES HASSTON 150 HITAM,Kabel,HASSTON
MHASS0008,KABEL TIES HASSTON 150 PUTIH,Kabel,HASSTON
MHASS0009,KABEL TIES HASSTON 200 HITAM,Kabel,HASSTON
MHASS0010,KABEL TIES HASSTON 200 PUTIH,Kabel,HASSTON
MHASS0011,KABEL TIES HASSTON 250 HITAM,Kabel,HASSTON
MHASS0012,KABEL TIES HASSTON 250 PUTIH,Kabel,HASSTON
MHASS0013,KABEL TIES HASSTON 300 HITAM,Kabel,HASSTON
MHASS0014,KABEL TIES HASSTON 300 PUTIH,Kabel,HASSTON
MHASS0015,KABEL TIES HASSTON 400 HITAM,Kabel,HASSTON
MHASS0016,KABEL TIES HASSTON 400 PUTIH,Kabel,HASSTON
MHASS0017,KABEL TIES HASSTON 500 HITAM,Kabel,HASSTON
MHASS0018,KABEL TIES HASSTON 500 PUTIH,Kabel,HASSTON
MHIOS0046,KABEL TIES MIX WARNA HIOSHI 100,Kabel,HIOSHI
MHIOS0047,KABEL TIES MIX WARNA HIOSHI 150,Kabel,HIOSHI
MHIOS0048,KABEL TIES MIX WARNA HIOSHI 200,Kabel,HIOSHI
MHIOS0049,KABEL TIES MIX WARNA HIOSHI 250,Kabel,HIOSHI
MHIOS0050,KABEL TIES MIX WARNA HIOSHI 300,Kabel,HIOSHI
MGERI0001,KACAMATA GERINDA BENING,Kacamata,GERINDA
MLAS0001,KACAMATA LAS BENING,Kacamata,LAS
MLAS0002,KACAMATA LAS HITAM,Kacamata,LAS
MXENO0001,KACAMATA LAS HITAM XENON,Kacamata,XENON
MKYOK0001,KANEBO KYOKO,Kanebo,KYOKO
MMUGE0001,KANEBO MUGEN,Kanebo,MUGEN
MPOPE0001,KANEBO POPEYE,Kanebo,POPEYE
MISCO0005,KAPASITOR POMPA AIR BULAT ISCO 10,Kapasitor,ISCO
MISCO0006,KAPASITOR POMPA AIR BULAT ISCO 12,Kapasitor,ISCO
MISCO0007,KAPASITOR POMPA AIR BULAT ISCO 8,Kapasitor,ISCO
MCAME0003,KAPSTOK 4 HOOK CAMEL,Kapstok,CAMEL
MNIKK0001,"KAWAT LAS NIKKO NSN 308 2,6 X 300",Kawat Las,NIKKO
MNIKK0002,"KAWAT LAS NIKKO RD 260 2,0 X 300",Kawat Las,NIKKO
MNIKK0003,"KAWAT LAS NIKKO RD 260 2,6 X 350",Kawat Las,NIKKO
MNIKK0004,"KAWAT LAS NIKKO RD 460 2,0 X 300",Kawat Las,NIKKO
MNIKK0005,KAWAT LAS NIKKO STEEL RD-260,Kawat Las,NIKKO
MJET0001,KEPALA JET SHOWER,Kepala,JET
MEINE0002,KEPALA JET SHOWER EINER,Kepala,EINER
MONDA0011,KEPALA JET SHOWER ONDA WHITE,Kepala,ONDA
MTEKI0001,"KIKIR CHAINSAW TEKIRO 4,8 X 200",Kikir,TEKIRO
MCOSM0002,KIPAS ANGIN COSMOS DINDING 16-WFC,Kipas Angin,COSMOS
MCOSM0003,KIPAS ANGIN COSMOS MEJA 12-DSE,Kipas Angin,COSMOS
MCOSM0004,KIPAS ANGIN COSMOS MEJA 9-LDA,Kipas Angin,COSMOS
MCOSM0005,KIPAS ANGIN COSMOS STAND FAN 16-SDB,Kipas Angin,COSMOS
MMASP0001,KIPAS ANGIN MASPION DINDING MWF-31 K,Kipas Angin,MASPION
MMASP0002,KIPAS ANGIN MASPION DINDING MWF-37 K,Kipas Angin,MASPION
MMASP0003,KIPAS ANGIN MASPION DINDING MWF-41 K,Kipas Angin,MASPION
MT0001,KIPAS ANGIN MASPION KOTAK EX-2109 T,Kipas Angin,T
MMASP0004,KIPAS ANGIN MASPION MEJA EX-307,Kipas Angin,MASPION
MMASP0005,KIPAS ANGIN MASPION MEJA F-23 D,Kipas Angin,MASPION
MMASP0006,KIPAS ANGIN MASPION ORBIT MOF-401 P,Kipas Angin,MASPION
MMIYA0001,KIPAS ANGIN MIYAKO DINDING KAW-1662 GB,Kipas Angin,MIYAKO
MPL0002,KIPAS ANGIN MIYAKO MEJA KAD-1227 B PL,Kipas Angin,PL
MPL0003,KIPAS ANGIN MIYAKO MEJA KAD-927 PL,Kipas Angin,PL
MPL0004,KIPAS ANGIN MIYAKO STAND FAN KAS-1607 PL,Kipas Angin,PL
MGENE0006,KLEM SELANG 3/4,Klem,GENERIC
MSUNR0002,KOMPOR COR SUNRISE SR 30 AUTO,Kompor,SUNRISE
MSUNR0003,KOMPOR COR SUNRISE SR 40 AUTO,Kompor,SUNRISE
MSUNR0004,KOMPOR JOS KMA 202 SUNRISE,Kompor,SUNRISE
MSUNR0005,KOMPOR JOS KMA 203 SUNRISE,Kompor,SUNRISE
MSUNR0006,KOMPOR JOS KMA 768 SUNRISE,Kompor,SUNRISE
MMIYA0002,KOMPOR MIYAKO 2 TUNGKU KG-302C,Kompor,MIYAKO
MRINN0001,KOMPOR RINNAI 1 TUNGKU RI-201S,Kompor,RINNAI
MRINN0002,KOMPOR RINNAI 1 TUNGKU RI-511C,Kompor,RINNAI
MRINN0003,KOMPOR RINNAI 2 TUNGKU RI-522C,Kompor,RINNAI
MRINN0004,KOMPOR RINNAI 2 TUNGKU RI-522E,Kompor,RINNAI
MRINN0005,KOMPOR RINNAI 2 TUNGKU RI-712A,Kompor,RINNAI
MRINN0006,KOMPOR RINNAI 2 TUNGKU RI-712BGX,Kompor,RINNAI
MRINN0007,KOMPOR RINNAI 2 TUNGKU RI-712T,Kompor,RINNAI
MSUNR0007,KOMPOR SUNRISE SR 12 E,Kompor,SUNRISE
MSUNR0008,KOMPOR SUNRISE SR 30 SL,Kompor,SUNRISE
MSUNR0009,KOMPOR SUNRISE SR 5 E,Kompor,SUNRISE
MHASS0019,KOP KACA 150 KG HASSTON,Kop Kaca,HASSTON
MHASS0020,"KRAN ANGIN KOMPRESOR HASSTON 1/4""",Kran,HASSTON
MHASS0021,"KRAN ANGIN KOMPRESOR HASSTON 5/8""",Kran,HASSTON
MISCO0008,KRAN ANGSA FLEXIBLE KARET ISCO,Kran,ISCO
MSKL0001,KRAN ANGSA FLEXIBLE KARET SKL,Kran,SKL
MCLAS0004,KRAN ANGSA FLEXIBLE STAR CLASSIC,Kran,CLASSIC
MEINE0003,KRAN ANGSA FLEXIBLE WASTAFEL EINER,Kran,EINER
MJOPE0001,KRAN ANGSA JOPEX,Kran,JOPEX
MCAB0003,KRAN ANGSA PVC CAB,Kran,CAB
MSOLI0001,KRAN ANGSA PVC SOLIGEN,Kran,SOLIGEN
MHPP0020,KRAN BESI MODEL ONDA 1/2 HPP,Kran,HPP
MHPP0021,KRAN BESI MODEL ONDA 3/4 HPP,Kran,HPP
MSOLI0002,KRAN BESI SOLIGEN KEPALA HITAM 1/2,Kran,SOLIGEN
MSOLI0003,KRAN BESI SOLIGEN KEPALA HITAM 3/4,Kran,SOLIGEN
MIGM0005,KRAN CABANG IGM IK-058,Kran,IGM
MONDA0012,"KRAN CABANG ONDA K406 CTG 1/2""",Kran,ONDA
MONDA0013,"KRAN CABANG ONDA K-TUL 1/2""",Kran,ONDA
MSPOT0001,KRAN CABANG SPOT,Kran,SPOT
MT0002,KRAN DAPUR ONDA V 637 T,Kran,T
MV0001,KRAN DAPUR ONDA V SUS FLEXIBEL,Kran,V
MV0002,KRAN DAPUR ONDA V TUL FLEXIBEL,Kran,V
MV0003,KRAN DAPUR TANAM ONDA V SUS,Kran,V
MV0004,KRAN DAPUR TANAM ONDA V SUS FLEXIBEL,Kran,V
MV0005,KRAN DAPUR TANAM ONDA V TUL FLEXIBEL,Kran,V
MONDA0014,KRAN MIXER ONDA BATH-TUL,Kran,ONDA
MONDA0015,"KRAN ONDA BC 1/2""",Kran,ONDA
MONDA0016,"KRAN ONDA BC 3/4""",Kran,ONDA
MONDA0017,"KRAN ONDA BL 1/2""",Kran,ONDA
MONDA0018,"KRAN ONDA BL 3/4""",Kran,ONDA
MSKL0002,KRAN PANAS DINGIN + SHOWER SKL,Kran,SKL
MIGM0006,KRAN PANAS DINGIN IGM IK-064,Kran,IGM
MISCO0009,KRAN PVC 2 WAY ISCO,Kran,ISCO
MHPP0022,KRAN PVC 2 WAY JEMPOL HPP CC-30,Kran,HPP
MMDN0004,KRAN PVC 2 WAY MDN,Kran,MDN
MGRT0012,KRAN PVC 2 WAY TRANSPARAN JEMPOL GRT,Kran,GRT
MAMIC0001,KRAN PVC AMICO 1/2,Kran,AMICO
MAMIC0002,KRAN PVC AMICO 3/4,Kran,AMICO
MISCO0010,KRAN PVC TAMAN 1/2 ISCO,Kran,ISCO
MISCO0011,KRAN PVC TAMAN 3/4 ISCO,Kran,ISCO
MJOPE0002,KRAN PVC TEMBOK 1/2 JOPEX,Kran,JOPEX
MJOPE0003,KRAN PVC TEMBOK 1/2 JOPEX,Kran,JOPEX
MISCO0012,KRAN SHOWER A ISCO,Kran,ISCO
MHIOS0051,KRAN TAMAN PVC 1/2 HIOSHI,Kran,HIOSHI
MHIOS0052,KRAN TAMAN PVC 3/4 HIOSHI,Kran,HIOSHI
MIGM0007,KRAN TEMBOK IGM IK-059,Kran,IGM
MT0003,KRAN TEMBOK ONDA A 801 T,Kran,T
MA0003,"KRAN TEMBOK ONDA A SUS 1/2""",Kran,A
MONDA0019,"KRAN TEMBOK ONDA CLS 02 1/2""",Kran,ONDA
MIGM0008,KRAN WASTAFEL IGM IK-060,Kran,IGM
MIGM0009,KRAN WASTAFEL IGM IK-070,Kran,IGM
MY0001,"KRAN WASTAFEL ONDA Y 20 EN 1/2""",Kran,Y
MC0001,KRAN WASTAFEL ONDA Y 321 C,Kran,C
MEF0001,"KUAS CAT EF 5""",Kuas,EF
METER0010,"KUAS CAT ETERNA 1 1/2""",Kuas,ETERNA
METER0011,"KUAS CAT ETERNA 1""",Kuas,ETERNA
METER0012,"KUAS CAT ETERNA 2 1/2""",Kuas,ETERNA
METER0013,"KUAS CAT ETERNA 2""",Kuas,ETERNA
METER0014,"KUAS CAT ETERNA 3""",Kuas,ETERNA
METER0015,"KUAS CAT ETERNA 4""",Kuas,ETERNA
MFW0001,"KUAS CAT FW 1 1/2""",Kuas,FW
MFW0002,"KUAS CAT FW 1""",Kuas,FW
MFW0003,"KUAS CAT FW 2 1/2""",Kuas,FW
MFW0004,"KUAS CAT FW 2""",Kuas,FW
MFW0005,"KUAS CAT FW 3""",Kuas,FW
MFW0006,"KUAS CAT FW 4""",Kuas,FW
MGRT0013,"KUAS CAT GRT 1 1/2""",Kuas,GRT
MGRT0014,"KUAS CAT GRT 1""",Kuas,GRT
MGRT0015,"KUAS CAT GRT 2 1/2""",Kuas,GRT
MGRT0016,"KUAS CAT GRT 2""",Kuas,GRT
MGRT0017,"KUAS CAT GRT 3""",Kuas,GRT
MGRT0018,"KUAS CAT GRT 4""",Kuas,GRT
MTAIY0019,"KUAS CAT TAIYO 1 1/2""",Kuas,TAIYO
MTAIY0020,"KUAS CAT TAIYO 1""",Kuas,TAIYO
MTAIY0021,"KUAS CAT TAIYO 2 1/2""",Kuas,TAIYO
MTAIY0022,"KUAS CAT TAIYO 2""",Kuas,TAIYO
MTAIY0023,"KUAS CAT TAIYO 3""",Kuas,TAIYO
MTAIY0024,"KUAS CAT TAIYO 4""",Kuas,TAIYO
MLUKI0001,"KUAS LUKIS 5""",Kuas,LUKIS
MLUKI0002,"KUAS LUKIS 8""",Kuas,LUKIS
MHIOS0053,"KUAS ROL HIOSHI 9""",Kuas,HIOSHI
MKAPA0002,KUAS ROL KAPAL,Kuas,KAPAL
MHIOS0054,"KUAS ROL KAPAL HIOSHI PRO 4""",Kuas,HIOSHI
MHASS0022,"KUNCI BAGO SATIN HASSTON 10""",Kunci,HASSTON
MHASS0023,"KUNCI BAGO SATIN HASSTON 6""",Kunci,HASSTON
MHASS0024,"KUNCI BAGO SATIN HASSTON 8""",Kunci,HASSTON
MARNE0001,KUNCI BULAT CHROME ARNETTA,Kunci,ARNETTA
MHUBE0006,KUNCI KACA GERGAJI HUBEN HL-140,Kunci,HUBEN
MTEKI0002,KUNCI KOPLING CVT TEKIRO 39X41,Kunci,TEKIRO
MHIOS0055,KUNCI L CRV SET 9 PCS HIOSHI,Kunci,HIOSHI
MHIOS0056,KUNCI L SET 10 PCS HIOSHI ECO,Kunci,HIOSHI
MTEKI0003,KUNCI L SET 8 PCS TEKIRO HK-LS1200,Kunci,TEKIRO
MTEKI0004,KUNCI L SET 9 PCS BALLPOINT TEKIRO HK-BP1204,Kunci,TEKIRO
MLACI0001,KUNCI LACI 808 BESAR,Kunci,LACI
MLACI0002,KUNCI LACI 808 KECIL,Kunci,LACI
MMERC0001,KUNCI LACI 808 KECIL MERCY,Kunci,MERCY
MCAME0004,KUNCI LACI CAMEL 502,Kunci,CAMEL
MHUBE0007,KUNCI LACI HUBEN HL 103,Kunci,HUBEN
MHUBE0008,KUNCI LACI HUBEN HL 138,Kunci,HUBEN
MHUBE0009,KUNCI LACI HUBEN HM 181,Kunci,HUBEN
MHUBE0010,KUNCI LACI MEKAR HUBEN HL 202,Kunci,HUBEN
MHUBE0011,KUNCI LACI MEKAR HUBEN HL 505,Kunci,HUBEN
MHUBE0012,KUNCI LACI TEKAN HUBEN HL 105,Kunci,HUBEN
MTOP0001,KUNCI LACI TOP 101,Kunci,TOP
MHIOS0057,KUNCI PAS 16X17 HIOSHI,Kunci,HIOSHI
MORCH0001,KUNCI PINTU ALUMINIUM ORCHAD A1 BLACK,Kunci,ORCHAD
MORCH0002,KUNCI PINTU ALUMINIUM ORCHAD A1 WHITE,Kunci,ORCHAD
MORCH0003,KUNCI PINTU ALUMINIUM ORCHAD P2 BLACK,Kunci,ORCHAD
MORCH0004,KUNCI PINTU ALUMINIUM ORCHAD P2 WHITE,Kunci,ORCHAD
MCLAS0005,KUNCI PINTU BABET KECIL CLASSIC,Kunci,CLASSIC
MCAB0004,KUNCI PINTU BESAR CAB 9006,Kunci,CAB
MGOME0021,KUNCI PINTU BESAR GOMEO TP 9012-2,Kunci,GOMEO
MGRT0019,KUNCI PINTU BESAR GRT L888,Kunci,GRT
MGRT0020,KUNCI PINTU BESAR GRT L999,Kunci,GRT
MISCO0013,KUNCI PINTU BESAR ISCO F1 BLACK,Kunci,ISCO
MMULL0007,KUNCI PINTU BESAR MULLER 521MT10,Kunci,MULLER
MMULL0008,KUNCI PINTU BESAR MULLER 978309,Kunci,MULLER
MMULL0009,KUNCI PINTU BESAR MULLER 978332,Kunci,MULLER
MMULL0010,KUNCI PINTU BESAR MULLER 978336,Kunci,MULLER
MOWNE0001,KUNCI PINTU BESAR OWNER BLACK,Kunci,OWNER
MNETZ0001,KUNCI PINTU KECIL NETZ  3012,Kunci,NETZ
MWANL0011,KUNCI PINTU KECIL WANLY,Kunci,WANLY
MAMAN0002,KUNCI PINTU TANGGUNG AMANI,Kunci,AMANI
MGOME0022,KUNCI PINTU TANGGUNG GOMEO TP 8301-2,Kunci,GOMEO
MGRT0021,KUNCI PINTU TANGGUNG GRT 888,Kunci,GRT
MGRT0022,KUNCI PINTU TANGGUNG GRT 999,Kunci,GRT
MHSJ0006,KUNCI PINTU TANGGUNG HSJ BLACK,Kunci,HSJ
MMULL0011,KUNCI PINTU TANGGUNG MULLER 58211,Kunci,MULLER
MMULL0012,KUNCI PINTU TANGGUNG MULLER 68206,Kunci,MULLER
MMULL0013,KUNCI PINTU TANGGUNG MULLER 68208,Kunci,MULLER
MMULL0014,KUNCI PINTU TANGGUNG MULLER 68209,Kunci,MULLER
MONAT0001,KUNCI PINTU TANGGUNG ONAT 6125,Kunci,ONAT
MHIOS0058,"KUNCI PIPA 10"" HIOSHI",Kunci,HIOSHI
MHIOS0059,"KUNCI PIPA HIOSHI 10""",Kunci,HIOSHI
MHIOS0060,"KUNCI PIPA HIOSHI 14""",Kunci,HIOSHI
MHIOS0061,KUNCI RING 12X13 HIOSHI,Kunci,HIOSHI
MHASS0025,KUNCI RING PAS HASSTON 10MM,Kunci,HASSTON
MHASS0026,KUNCI RING PAS HASSTON 14MM,Kunci,HASSTON
MHASS0027,KUNCI RING PAS HASSTON 17MM,Kunci,HASSTON
MHASS0028,KUNCI RING PAS HASSTON 22MM,Kunci,HASSTON
MHASS0029,KUNCI RING PAS HASSTON 8MM,Kunci,HASSTON
MHIOS0062,KUNCI RING PAS SET 8 PCS HIOSHI 8-24MM,Kunci,HIOSHI
MHIOS0063,KUNCI RODA PALANG 3/4 HIOSHI,Kunci,HIOSHI
MHASS0030,KUNCI SOK SET 10 PCS HASSTON,Kunci,HASSTON
MHASS0031,KUNCI SOK SET 25 PCS HASSTON,Kunci,HASSTON
MTEKI0005,KUNCI SOK Y 10-12-14 TEKIRO,Kunci,TEKIRO
MTEKI0006,KUNCI SOK Y 8-10-12 TEKIRO,Kunci,TEKIRO
MTEKI0007,KUNCI T 10 MM TEKIRO,Kunci,TEKIRO
MTEKI0008,KUNCI T 12 MM TEKIRO,Kunci,TEKIRO
MARTC0008,LAKER ARTCO,Laker,ARTCO
MDEXT0001,LEM AUTO SEALER DEXTONE 30 GR,Lem,DEXTONE
MDEXT0002,LEM AUTO SEALER DEXTONE 70 GR,Lem,DEXTONE
MSOLI0004,LEM BOTOL SOLIGEN BLACK,Lem,SOLIGEN
MSOLI0005,LEM BOTOL SOLIGEN CLEAR BENING,Lem,SOLIGEN
MSOLI0006,LEM BOTOL SOLIGEN WHITE,Lem,SOLIGEN
MDEXT0003,LEM EPOXY DEXTONE 5 MENIT,Lem,DEXTONE
MDEXT0004,LEM KOREA TETES DEXTONE,Lem,DEXTONE
MHI-Q0001,LEM KOREA TETES HI-Q,Lem,HI-Q
MNIPP0001,LEM PIPA PRALON NIPPONPLAS,Lem,NIPPONPLAS
MDEXT0005,LEM SILICONE SEALANT DEXTONE 30 GR,Lem,DEXTONE
MDEXT0006,LEM SILICONE SEALANT DEXTONE 70 GR,Lem,DEXTONE
MCOSM0006,MAGIC COM COSMOS CRJ-1001,Magic Com,COSMOS
MCOSM0007,MAGIC COM COSMOS CRJ-1803,Magic Com,COSMOS
MCOSM0008,MAGIC COM COSMOS CRJ-3305,Magic Com,COSMOS
MCOSM0009,MAGIC COM COSMOS CRJ-3307,Magic Com,COSMOS
MMASP0007,MAGIC COM MASPION MRJ-109,Magic Com,MASPION
MMASP0008,MAGIC COM MASPION MRJ-1892,Magic Com,MASPION
MMIYA0003,MAGIC COM MIYAKO MCM-508,Magic Com,MIYAKO
MMIYA0004,MAGIC COM MIYAKO MCM-528,Magic Com,MIYAKO
MMIYA0005,MAGIC COM MIYAKO MCM-612,Magic Com,MIYAKO
MLITE0001,MAGIC COM YONGMA SMC5061 1 LITER,Magic Com,LITER
MLITE0002,MAGIC COM YONGMA SMC8073 2 LITER,Magic Com,LITER
MHIOS0064,MARKING KRAYON BIRU HIOSHI,Marking,HIOSHI
MHASS0032,MATA BOR AUGER BITS HASSTON 10MM,Mata,HASSTON
MHASS0033,MATA BOR AUGER BITS HASSTON 13MM,Mata,HASSTON
MHASS0034,MATA BOR AUGER BITS HASSTON 16MM,Mata,HASSTON
MHASS0035,MATA BOR AUGER BITS HASSTON 19MM,Mata,HASSTON
MHIOS0065,"MATA BOR AUGER BITS HIOSHI 1/2""",Mata,HIOSHI
MHIOS0066,"MATA BOR AUGER BITS HIOSHI 3/4""",Mata,HIOSHI
MHIOS0067,"MATA BOR AUGER BITS HIOSHI 3/8""",Mata,HIOSHI
MHIOS0068,"MATA BOR AUGER BITS HIOSHI 5/16""",Mata,HIOSHI
MHIOS0069,"MATA BOR AUGER BITS HIOSHI 5/8""",Mata,HIOSHI
MHIOS0070,"MATA BOR AUGER BITS HIOSHI 7/8""",Mata,HIOSHI
MONAT0002,MATA BOR AUGER BITS ONAT 8MM,Mata,ONAT
MBRAN0001,MATA BOR BETON BRANCH 10MM,Mata,BRANCH
MBRAN0002,MATA BOR BETON BRANCH 8MM,Mata,BRANCH
MGDO0002,MATA BOR BETON GDO 10MM,Mata,GDO
MGDO0003,MATA BOR BETON GDO 12MM,Mata,GDO
MGDO0004,MATA BOR BETON GDO 4MM,Mata,GDO
MGDO0005,MATA BOR BETON GDO 5MM,Mata,GDO
MGDO0006,MATA BOR BETON GDO 8MM,Mata,GDO
MGOME0023,MATA BOR BETON GOMEO 10MM,Mata,GOMEO
MGOME0024,MATA BOR BETON GOMEO 6MM,Mata,GOMEO
MGOME0025,MATA BOR BETON GOMEO 8MM,Mata,GOMEO
MHIOS0071,MATA BOR BETON HIOSHI 10MM,Mata,HIOSHI
MHIOS0072,MATA BOR BETON HIOSHI 13MM,Mata,HIOSHI
MHIOS0073,MATA BOR BETON HIOSHI 16MM,Mata,HIOSHI
MHIOS0074,MATA BOR BETON HIOSHI 8MM,Mata,HIOSHI
MHIOS0075,MATA BOR BETON HIOSHI EXTREME 4MM,Mata,HIOSHI
MHIOS0076,MATA BOR BETON PENDEK HIOSHI 10MM,Mata,HIOSHI
MHIOS0077,MATA BOR BETON PENDEK HIOSHI 4MM,Mata,HIOSHI
MHIOS0078,MATA BOR BETON PENDEK HIOSHI 5MM,Mata,HIOSHI
MHIOS0079,MATA BOR BETON PENDEK HIOSHI 6MM,Mata,HIOSHI
MHIOS0080,MATA BOR BETON PENDEK HIOSHI 8MM,Mata,HIOSHI
MBOSC0005,MATA BOR BETON SDS BOSCH 10MM X 160,Mata,BOSCH
MBOSC0006,MATA BOR BETON SDS BOSCH 8MM X 160,Mata,BOSCH
MHASS0036,MATA BOR BETON SET 5 PCS HASSTON,Mata,HASSTON
MIKUR0001,MATA BOR BETON SET IKURA,Mata,IKURA
MBLIT0002,MATA BOR KIPAS BLITZ SET 3 PCS,Mata,BLITZ
MIWA0002,MATA BOR MULTIFUNGSI IWA 10MM,Mata,IWA
MIWA0003,MATA BOR MULTIFUNGSI IWA 6MM,Mata,IWA
MIWA0004,MATA BOR MULTIFUNGSI IWA 8MM,Mata,IWA
MTJAP0001,MATA BOR MULTIFUNGSI TJAP MATA 8MM,Mata,TJAP
MPAGO0001,MATA BOR PAGODA 3-12MM,Mata,PAGODA
MTJAP0002,MATA BOR TOMBAK TJAP MATA 10MM,Mata,TJAP
MTJAP0003,MATA BOR TOMBAK TJAP MATA 6MM,Mata,TJAP
MTJAP0004,MATA BOR TOMBAK TJAP MATA 8MM,Mata,TJAP
MBULL0001,"MATA CIRCLE BULL 7"" X 24T",Mata,BULL
MMODE0022,"MATA CIRCLE MODERN 4"" X 24T",Mata,MODERN
MMOLL0003,"MATA CIRCLE MOLLAR 10"" X 120T",Mata,MOLLAR
MMOLL0004,"MATA CIRCLE MOLLAR 7"" X 80T",Mata,MOLLAR
MMOLL0005,MATA GRINDA SET MOLLAR,Mata,MOLLAR
MMOLL0006,MATA JIGSAW MOLLAR NO 10,Mata,MOLLAR
MCAME0005,MATA OBENG ANGIN CAMEL,Mata,CAMEL
MMODE0023,MATA PISAU PLANER 10MM MODERN,Mata,MODERN
MESSE0001,MATA PISAU PLANER 1900B ESSEN,Mata,ESSEN
MMODE0024,MATA PISAU PLANER 7MM MODERN,Mata,MODERN
MHIOS0081,MATA POTONG GRANIT 600 HIOSHI HD 002+,Mata,HIOSHI
MHASS0037,MATA SOK HASSTON 10MM,Mata,HASSTON
MHASS0038,MATA SOK HASSTON 12MM,Mata,HASSTON
MHASS0039,MATA SOK HASSTON 14MM,Mata,HASSTON
MHASS0040,MATA SOK HASSTON 19MM,Mata,HASSTON
MHASS0041,MATA SOK HASSTON 24MM,Mata,HASSTON
MHASS0042,MATA SOK HASSTON 8MM,Mata,HASSTON
MFREE0001,MATA SOK ROFING PANJANG FREED,Mata,FREED
MBLAC0001,MATA SOK ROFING PENDEK BLACKFOOT,Mata,BLACKFOOT
MHIOS0082,MEJA POTONG GRANIT HIOSHI 1B+ 60 CM,Meja,HIOSHI
MMODE0025,MESIN AMPLAS MODERN M-2500B,Mesin,MODERN
MBOSC0007,MESIN BOR BOSCH GBM 350,Mesin,BOSCH
MMODE0026,MESIN BOR CORDLESS MODERN M-12V,Mesin,MODERN
MMODE0027,MESIN BOR CORDLESS MODERN M-13 SET,Mesin,MODERN
MMODE0028,MESIN BOR CORDLESS MODERN M-15,Mesin,MODERN
MMODE0029,MESIN BOR MODERN M-2100B,Mesin,MODERN
MMODE0030,MESIN BOR MODERN M-2100C,Mesin,MODERN
MMODE0031,MESIN BOR MODERN M-2130B,Mesin,MODERN
MMODE0032,MESIN BOR MODERN M-2150,Mesin,MODERN
MMODE0033,"MESIN CHAINSAW 22"" MODERN M-5200",Mesin,MODERN
MMODE0034,MESIN CIRCLE POTONG KAYU MODERN M-2600L,Mesin,MODERN
MBOSC0008,MESIN GERINDA BOSCH GWS 060,Mesin,BOSCH
MMODE0035,MESIN GERINDA CORDLESS MODERN MG-20 Li,Mesin,MODERN
MMINI0001,MESIN GERINDA MINI M-2310,Mesin,MINI
MMODE0036,MESIN GERINDA MODERN M-2300B,Mesin,MODERN
MMODE0037,MESIN GERINDA MODERN M-2350B,Mesin,MODERN
MMODE0038,MESIN GERINDA MODERN M-2360B,Mesin,MODERN
MMODE0039,MESIN GERINDA MODERN SIM-100B,Mesin,MODERN
MMODE0040,MESIN JIGSAW MODERN M-2200,Mesin,MODERN
MMODE0041,MESIN JIGSAW MODERN M-2200,Mesin,MODERN
MMODE0042,MESIN JIGSAW MODERN M-2200L,Mesin,MODERN
MLAKO0001,MESIN KOMPRESOR LAKONI BASIC 25S,Mesin,LAKONI
MLAKO0002,MESIN KOMPRESOR LAKONI BASIC 9S,Mesin,LAKONI
MLAKO0003,MESIN LAS BASIC 123IX LAKONI,Mesin,LAKONI
MFOOT0001,MESIN LAS MMA 120 BLACK FOOT,Mesin,FOOT
MMODE0043,MESIN PASAH MODERN M-2900,Mesin,MODERN
MMODE0044,MESIN PASAH MODERN M-2920,Mesin,MODERN
MMODE0045,MESIN POLES MODERN M-3200C,Mesin,MODERN
MMODE0046,MESIN PROFIL MODERN M-2700,Mesin,MODERN
MMODE0047,MESIN PROFIL MODERN M-2750,Mesin,MODERN
MMODE0048,MESIN PROFIL MODERN M-3800,Mesin,MODERN
MMODE0049,"MESIN SCROLL SAW 16"" MODERN M-400A",Mesin,MODERN
MAIR0001,METERAN AIR BESI,Meteran,AIR
MAIR0002,METERAN AIR PVC,Meteran,AIR
MHIOS0083,METERAN TANCAP HIOSHI 100M,Meteran,HIOSHI
MHIOS0084,METERAN TANCAP HIOSHI 30M,Meteran,HIOSHI
MHIOS0085,METERAN TANCAP HIOSHI 50M,Meteran,HIOSHI
MHIOS0086,OBENG BOLAK BALIK HIOSHI EXTREME,Obeng,HIOSHI
MKENM0002,OBENG HP CEPUK KENMASTER,Obeng,KENMASTER
MHIOS0087,OBENG KETOK HIOSHI,Obeng,HIOSHI
MPOPE0002,"OBENG PANJANG PLUS MINUS POPEYE 12""",Obeng,POPEYE
MARMA0001,"OBENG TEMBUS PLUS (+) 8"" ARMADA",Obeng,ARMADA
MVOXY0001,OVERVAL GALVANIS 300 VOXY,Overval,VOXY
MVOXY0002,OVERVAL GALVANIS 400 VOXY,Overval,VOXY
MVOXY0003,OVERVAL GALVANIS 500 VOXY,Overval,VOXY
MOVER0001,"OVERVAL PLAT SOLAR 2 1/2""",Overval,OVERVAL
MOVER0002,"OVERVAL PLAT SOLAR 2""",Overval,OVERVAL
MOVER0003,"OVERVAL PLAT SOLAR 3""",Overval,OVERVAL
MOVER0004,"OVERVAL PLAT SOLAR 4""",Overval,OVERVAL
MOVER0005,"OVERVAL STAINLESS 2 1/2""",Overval,OVERVAL
MOVER0006,"OVERVAL STAINLESS 2""",Overval,OVERVAL
MOVER0007,"OVERVAL STAINLESS 3""",Overval,OVERVAL
MCTJ0001,"PAKU BETON CTJ 1 1/2""",Paku,CTJ
MFRT0001,"PAKU BETON FRT 2""",Paku,FRT
MGRT0023,"PAKU BETON GRT 2 1/2""",Paku,GRT
MGDO0007,PAKU BETON HITAM GDO 100MM,Paku,GDO
MGDO0008,PAKU BETON HITAM GDO 20MM,Paku,GDO
MGDO0009,PAKU BETON HITAM GDO 25MM,Paku,GDO
MGDO0010,PAKU BETON HITAM GDO 30MM,Paku,GDO
MGDO0011,PAKU BETON HITAM GDO 40MM,Paku,GDO
MGDO0012,PAKU BETON HITAM GDO 50MM,Paku,GDO
MGDO0013,PAKU BETON HITAM GDO 60MM,Paku,GDO
MGDO0014,PAKU BETON HITAM GDO 70MM,Paku,GDO
MGDO0015,PAKU BETON HITAM GDO 80MM,Paku,GDO
MEIFF0001,"PAKU BETON KUNING EIFFEL 2""",Paku,EIFFEL
MHIOS0088,"PAKU BETON PUTIH 1 1/2"" HIOSHI",Paku,HIOSHI
MHIOS0089,"PAKU BETON PUTIH 1"" HIOSHI",Paku,HIOSHI
MHIOS0090,"PAKU BETON PUTIH 2 1/2"" HIOSHI",Paku,HIOSHI
MHIOS0091,"PAKU BETON PUTIH 2"" HIOSHI",Paku,HIOSHI
MHIOS0092,"PAKU BETON PUTIH 3"" HIOSHI",Paku,HIOSHI
MHIOS0093,"PAKU BETON PUTIH 4"" HIOSHI",Paku,HIOSHI
MFRT0002,"PAKU BETON PUTIH FRT 2""",Paku,FRT
MUNO0001,"PAKU BETON PUTIH UNO 1 1/2""",Paku,UNO
MUNO0002,"PAKU BETON PUTIH UNO 1 1/4""",Paku,UNO
MUNO0003,"PAKU BETON PUTIH UNO 1""",Paku,UNO
MUNO0004,"PAKU BETON PUTIH UNO 2 1/2""",Paku,UNO
MUNO0005,"PAKU BETON PUTIH UNO 2""",Paku,UNO
MUNO0006,"PAKU BETON PUTIH UNO 3""",Paku,UNO
MUNO0007,"PAKU BETON PUTIH UNO 4""",Paku,UNO
MGENE0007,PAKU RIVET 540,Paku,GENERIC
MHIOS0094,PALU BODEM GAGANG FIBER 1KG HIOSHI,Palu,HIOSHI
MHIOS0095,PALU KAMBING GAGANG KAYU HIOSHI 12 OZ,Palu,HIOSHI
MHIOS0096,PALU KAMBING GAGANG KAYU HIOSHI 8 OZ,Palu,HIOSHI
MOZ0001,PALU KARET 12 OZ,Palu,OZ
MOZ0002,PALU KARET 16 OZ,Palu,OZ
MOZ0003,PALU KARET 8 OZ,Palu,OZ
MHIOS0097,PALU TUKANG GAGANG KAYU HIOSHI 300,Palu,HIOSHI
MHIOS0098,PELAMPUNG BOLA KUNINGAN 1/2 HIOSHI,Pelampung,HIOSHI
MHIOS0099,PELAMPUNG BOLA KUNINGAN 3/4 HIOSHI,Pelampung,HIOSHI
MST-70001,PELAMPUNG RADAR ST-70,Pelampung,ST-70
MAOST0001,PELAMPUNG TANDON OTOMATIS 1/2 AOSTA,Pelampung,AOSTA
MISCO0014,PELAMPUNG TANDON OTOMATIS 1/2 ISCO,Pelampung,ISCO
MCAIS0001,PEMANTIK API CAISAR PG-58C,Pemantik,CAISAR
MKOMP0002,PENGUKUR TEKANAN ANGIN KOMPRESOR,Pengukur,KOMPRESOR
MMAKI0002,PENSIL TUKANG MAKITA,Pensil,MAKITA
MGRT0024,POMPA SEPEDA + METER CHROME GRT,Pompa,GRT
MVIPE0002,POMPA SEPEDA + METER HITAM VIPER,Pompa,VIPER
MCABA0001,QUICK COUPLER KOMPRESOR 2 CABANG,Quick Coupler,CABANG
MCABA0002,QUICK COUPLER KOMPRESOR 3 CABANG,Quick Coupler,CABANG
MIGM0010,RAK HANDUK SUSUN + KAPSTOK IGM IR-018 CHROME,Rak,IGM
MIGM0011,RAK HANDUK SUSUN + KAPSTOK IGM IR-018 GRAY,Rak,IGM
MARCE0001,RAK TROLLY ARCEL HITAM,Rak,ARCEL
MGLX0003,RANTAI ANJING + KALUNG GLX,Rantai,GLX
MIDEK0002,RANTAI ANJING 25 IDEKU,Rantai,IDEKU
MGLX0004,RANTAI ANJING 30 GLX,Rantai,GLX
MIDEK0003,RANTAI ANJING 35 IDEKU,Rantai,IDEKU
MGLX0005,RANTAI ANJING 40 GLX,Rantai,GLX
MGOOD0001,"RANTAI ANJING GOOD 2,5MM",Rantai,GOOD
MHASS0043,REFILL TUBLES BAN HASSTON,Refill,HASSTON
MKENM0003,REGULATOR  NON METER KENMASTER,Regulator,KENMASTER
MCAIS0002,REGULATOR + METER CAISAR,Regulator,CAISAR
MKENM0004,REGULATOR + METER KENMASTER,Regulator,KENMASTER
MSTAR0001,REGULATOR + METER STARCAM,Regulator,STARCAM
MCAIS0003,REGULATOR + SELANG KOMPLIT CAISAR,Regulator,CAISAR
MSTAR0002,REGULATOR NON METER STARCAM,Regulator,STARCAM
MHUBE0013,REL LACI HUBEN 25CM,Rel,HUBEN
MHUBE0014,REL LACI HUBEN 30CM,Rel,HUBEN
MHUBE0015,REL LACI HUBEN 40CM,Rel,HUBEN
MHUBE0016,REL LACI HUBEN 45CM,Rel,HUBEN
MHUBE0017,REL LACI HUBEN 50CM,Rel,HUBEN
MHUBE0018,REL LACI HUBEN DOUBLE TRACK 25CM,Rel,HUBEN
MHUBE0019,REL LACI HUBEN DOUBLE TRACK 30CM,Rel,HUBEN
MHUBE0020,REL LACI HUBEN DOUBLE TRACK 40CM,Rel,HUBEN
MHUBE0021,REL LACI HUBEN DOUBLE TRACK 45CM,Rel,HUBEN
MHUBE0022,REL LACI HUBEN DOUBLE TRACK 50CM,Rel,HUBEN
MJ30001,REL PINTU SLIDING J3,Rel,J3
MAPI0001,RING API KOMPOR 201,Ring,API
MAPI0002,RING API KOMPOR 202,Ring,API
MAPI0003,RING API KOMPOR 203,Ring,API
MAPI0004,RING API KOMPOR 768,Ring,API
MGLX0006,"RODA GEPENG HITAM HIDUP + REM 2"" GLX",Roda,GLX
MCHIY0001,RODA GEPENG MERAH + REM CHIYO,Roda,CHIYO
MGLX0007,RODA GEPENG MERAH + REM GLX,Roda,GLX
MSAB0007,RODA GEPENG NYLON SAB,Roda,SAB
MFUKU0002,"RODA HIDUP + REM 3"" FUKUDA",Roda,FUKUDA
MONAT0003,"RODA HIDUP + REM 4"" ONAT",Roda,ONAT
MFUKU0003,"RODA HIDUP 3"" FUKUDA",Roda,FUKUDA
MONAT0004,"RODA HIDUP 4"" ONAT",Roda,ONAT
MFUKU0004,"RODA MATI 3"" FUKUDA",Roda,FUKUDA
MFUKU0005,"RODA MATI 4"" FUKUDA",Roda,FUKUDA
MHUBE0023,RODA PINTU SLIDING HUBEN SD 12,Roda,HUBEN
MHUBE0024,RODA PINTU SLIDING HUBEN SD 3141,Roda,HUBEN
MHUBE0025,RODA PINTU SLIDING HUBEN SD 338,Roda,HUBEN
MHUBE0026,RODA PINTU SLIDING HUBEN SD 380,Roda,HUBEN
MSLID0001,RODA REL PINTU SLIDING,Roda,SLIDING
MGLX0008,RODA TROLI BULAT HITAM GLX,Roda,GLX
MHIOS0100,ROL METER RACHET HIOSHI 3M,Rol Meter,HIOSHI
MHIOS0101,ROL METER RACHET HIOSHI 5M,Rol Meter,HIOSHI
MHIOS0102,"ROL METER RACHET HIOSHI 7,5M",Rol Meter,HIOSHI
MHIOS0103,ROLL METER BANGJO HIOSHI 3M,Roll Meter,HIOSHI
MHIOS0104,ROLL METER BANGJO HIOSHI 5M,Roll Meter,HIOSHI
MHIOS0105,"ROLL METER BANGJO HIOSHI 7,5M",Roll Meter,HIOSHI
MHIOS0106,ROLL METER CLASSIC 5M HIOSHI,Roll Meter,HIOSHI
MHIOS0107,ROLL METER EXTREME 3M HIOSHI,Roll Meter,HIOSHI
MHIOS0108,ROLL METER OTOMAT HIOSHI 3M,Roll Meter,HIOSHI
MHIOS0109,ROLL METER OTOMAT HIOSHI 5M,Roll Meter,HIOSHI
MPROY0005,ROMPI PROYEK HIJAU,Rompi,PROYEK
MPROY0006,ROMPI PROYEK ORANGE,Rompi,PROYEK
MMODE0050,SAKLAR GERINDA / PROFIL MODERN,Saklar,MODERN
MMODE0051,SAKLAR M-2100B MODERN,Saklar,MODERN
MMODE0052,SAKLAR M-2100C MODERN,Saklar,MODERN
MMODE0053,SAKLAR M-2130 MODERN,Saklar,MODERN
MMODE0054,SAKLAR PASAH MODERN,Saklar,MODERN
MELFA0001,SARINGAN GOT PVC ELFA BIRU,Saringan,ELFA
MNEWS0001,SARINGAN GOT PVC PANJANG NEWSTAR BLUE,Saringan,NEWSTAR
MNEWS0002,SARINGAN GOT PVC PANJANG NEWSTAR MAROON,Saringan,NEWSTAR
MNEWS0003,SARINGAN GOT PVC PANJANG NEWSTAR PINK,Saringan,NEWSTAR
MNEWS0004,SARINGAN GOT PVC PANJANG NEWSTAR WHITE,Saringan,NEWSTAR
MMAJE0003,SARINGAN GOT STAINLESS ANTI KECOA MAJESTY,Saringan,MAJESTY
MCAB0005,SARINGAN GOT STAINLESS CAB,Saringan,CAB
MGOME0026,SARINGAN GOT STAINLESS GOMEO,Saringan,GOMEO
MBOLZ0001,SARINGAN GOT STAINLESS MODEL TOTO BOLZANO,Saringan,BOLZANO
MHIOS0110,SARUNG TANGAN BINTIK HIOSHI PRO,Sarung Tangan,HIOSHI
MHIOS0111,SARUNG TANGAN KAIN HIOSHI PRO,Sarung Tangan,HIOSHI
MBIAS0001,SARUNG TANGAN LAS BIASA,Sarung Tangan,BIASA
MHASS0044,"SARUNG TANGAN LAS HASSTON 14""",Sarung Tangan,HASSTON
MDB0001,SEAL POMPA AIR ISCO MODEL DB - 125,Seal,DB
MISCO0015,SEAL POMPA AIR ISCO MODEL GP - 125,Seal,ISCO
MISCO0016,SEAL POMPA AIR ISCO MODEL GP - 200,Seal,ISCO
MHIOS0112,SEAL TAPE HIOSHI 12MM X 10M,Seal,HIOSHI
MREYN0005,SEAL TAPE JUMBO REYNER,Seal,REYNER
MREYN0006,SEAL TAPE KECIL REYNER,Seal,REYNER
MONDA0020,"SEAL TAPE ONDA ST 01 1/2""",Seal,ONDA
MFURA0001,SEAL TAPE TANGGUNG FURANO,Seal,FURANO
MOMCO0001,SEAL TAPE TANGGUNG OMCO,Seal,OMCO
MFLEK0001,SELANG ANYAM FLEKSIBEL 30,Selang,FLEKSIBEL
MFLEK0002,SELANG ANYAM FLEKSIBEL 40,Selang,FLEKSIBEL
MFLEK0003,SELANG ANYAM FLEKSIBEL 50,Selang,FLEKSIBEL
MFLEK0004,SELANG ANYAM FLEKSIBEL 60,Selang,FLEKSIBEL
MLAZA0010,SELANG KOMPRESOR 100M LAZARO,Selang,LAZARO
MHASS0045,SELANG KOMPRESOR 10M HASSTON,Selang,HASSTON
MLAZA0011,SELANG KOMPRESOR 10M LAZARO,Selang,LAZARO
MXENO0002,SELANG KOMPRESOR 10M XENON,Selang,XENON
MSPIR0001,SELANG KOMPRESOR SPIRAL 12M,Selang,SPIRAL
MSPIR0002,SELANG KOMPRESOR SPIRAL 6M,Selang,SPIRAL
MSPIR0003,SELANG KOMPRESOR SPIRAL 9M,Selang,SPIRAL
MCUCI0001,SELANG MESIN CUCI,Selang,CUCI
MWING0001,SELANG REGULATOR WINGAS,Selang,WINGAS
MCAME0006,SELANG SHOWER CAMEL,Selang,CAMEL
MGENE0008,SELANG WASBAK,Selang,GENERIC
MHIOS0113,SEMPROTAN AIR PVC HIOSHI,Semprotan,HIOSHI
MHPP0023,SEMPROTAN LURUS KUNINGAN HPP,Semprotan,HPP
MGNT0001,SEMPROTAN OLI 250 CC GNT,Semprotan,GNT
MANDO0001,SEPATU BOOT ANDO HIJAU 39,Sepatu,ANDO
MANDO0002,SEPATU BOOT ANDO HIJAU 40,Sepatu,ANDO
MANDO0003,SEPATU BOOT ANDO HIJAU 41,Sepatu,ANDO
MANDO0004,SEPATU BOOT ANDO HIJAU 42,Sepatu,ANDO
MANDO0005,SEPATU BOOT ANDO HIJAU 43,Sepatu,ANDO
MANDO0006,SEPATU BOOT ANDO KUNING 39,Sepatu,ANDO
MANDO0007,SEPATU BOOT ANDO KUNING 40,Sepatu,ANDO
MANDO0008,SEPATU BOOT ANDO KUNING 41,Sepatu,ANDO
MANDO0009,SEPATU BOOT ANDO KUNING 42,Sepatu,ANDO
MANDO0010,SEPATU BOOT ANDO KUNING 43,Sepatu,ANDO
MPROY0007,SEPATU PROYEK HITAM 40,Sepatu,PROYEK
MPROY0008,SEPATU PROYEK HITAM 41,Sepatu,PROYEK
MPROY0009,SEPATU PROYEK HITAM 42,Sepatu,PROYEK
MPROY0010,SEPATU PROYEK HITAM 43,Sepatu,PROYEK
MMASP0009,SETRIKA MASPION EX-1010,Setrika,MASPION
MMASP0010,SETRIKA MASPION HA-110,Setrika,MASPION
MMASP0011,SETRIKA MASPION HA-340,Setrika,MASPION
MIGM0012,SHOWER TIANG IGM IK-046,Shower,IGM
MCAB0006,SIFON WASTAFEL PVC CAB,Sifon,CAB
MSIKA0001,SIKAT BAJA,Sikat,SIKAT
MSIKA0002,SIKAT BAJA 6 BARIS,Sikat,SIKAT
MEAGL0001,SIKAT KAWAT KUNING EAGLE,Sikat,EAGLE
MXENO0003,"SIKU MAGNET LAS 3"" XENON",Siku,XENON
MMEIJ0002,"SIKU MAGNET LAS 4"" MEIJER",Siku,MEIJER
MXENO0004,"SIKU MAGNET LAS 4"" XENON",Siku,XENON
MXENO0005,"SIKU MAGNET LAS 5"" XENON",Siku,XENON
MHASS0046,SIKU MAGNET LAS SET 4 PCS HASSTON,Siku,HASSTON
MXENO0006,SIKU MAGNET LAS SET 4 PCS XENON,Siku,XENON
MGENE0009,SIKU RAK 10 X 12,Siku,GENERIC
MGENE0010,SIKU RAK 12 X 14,Siku,GENERIC
MIGM0013,SIKU RAK 120 X 170 IGM,Siku,IGM
MIGM0014,SIKU RAK 155 X 220 IGM,Siku,IGM
MIGM0015,SIKU RAK 220 X 320 IGM,Siku,IGM
MGENE0011,SIKU RAK 3 X 4,Siku,GENERIC
MGENE0012,SIKU RAK 4 X 5,Siku,GENERIC
MGENE0013,SIKU RAK 5 X 6,Siku,GENERIC
MGENE0014,SIKU RAK 6 X 8,Siku,GENERIC
MGENE0015,SIKU RAK 8 X 10,Siku,GENERIC
MGENE0016,SIKU RAK PUTIH 10X12,Siku,GENERIC
MGENE0017,SIKU RAK PUTIH 12X14,Siku,GENERIC
MGENE0018,SIKU RAK PUTIH 3X4,Siku,GENERIC
MGENE0019,SIKU RAK PUTIH 4X5,Siku,GENERIC
MGENE0020,SIKU RAK PUTIH 5X6,Siku,GENERIC
MGENE0021,SIKU RAK PUTIH 6X8,Siku,GENERIC
MGENE0022,SIKU RAK PUTIH 8X10,Siku,GENERIC
MSTAL0001,"SIKU TUKANG 12"" STALION",Siku,STALION
MMJP0001,SIKU TUKANG 300 MJP,Siku,MJP
MAMAN0003,SILINDER KUNCI AMANI,Silinder,AMANI
MOLIQ0004,SILINDER KUNCI BESAR OLIQ,Silinder,OLIQ
MMULL0015,SILINDER KUNCI MULLER 65060,Silinder,MULLER
MMULL0016,SILINDER KUNCI MULLER 75160 SN,Silinder,MULLER
MMULL0017,SILINDER KUNCI MULLER 85060 SN,Silinder,MULLER
MSN0002,SILINDER KUNCI STAR CLASSIC SN,Silinder,SN
MGAGA0001,"SKRAP GAGANG KARET 2 1/2""",Skrap,GAGANG
MGAGA0002,"SKRAP GAGANG KARET 2""",Skrap,GAGANG
MGAGA0003,"SKRAP GAGANG KARET 3""",Skrap,GAGANG
MGAGA0004,"SKRAP GAGANG KARET 4""",Skrap,GAGANG
MGAGA0005,"SKRAP GAGANG KAYU 2 1/2""",Skrap,GAGANG
MGAGA0006,"SKRAP GAGANG KAYU 2""",Skrap,GAGANG
MGAGA0007,"SKRAP GAGANG KAYU 3""",Skrap,GAGANG
MGAGA0008,"SKRAP GAGANG KAYU 4""",Skrap,GAGANG
MWANL0012,"SKRAP GYPSUM 8"" WANLY",Skrap,WANLY
MGENE0023,"SKRAP PVC 5""",Skrap,GENERIC
MGENE0024,"SKRAP PVC 7""",Skrap,GENERIC
MGENE0025,"SKRAP PVC 9""",Skrap,GENERIC
MPCS0001,SKRAP SET 4 PCS,Skrap,PCS
MGENE0026,SKRAP SET STAINLESS,Skrap,GENERIC
MRRT0017,SKRUP 1 1/2 X 8 RRT,Skrup,RRT
MSIP0001,SKRUP 1 1/2 X 8 SIP,Skrup,SIP
MSIP0002,SKRUP 1 1/4 X 7 SIP,Skrup,SIP
MSBS0001,SKRUP 1 X 6 SBS,Skrup,SBS
MSIP0003,SKRUP 1 X 6 SIP,Skrup,SIP
MSIP0004,SKRUP 1 X 7 SIP,Skrup,SIP
MSIP0005,SKRUP 1/2 X 3 SIP,Skrup,SIP
MISP0001,SKRUP 1/2 X 4 ISP,Skrup,ISP
MSIP0006,SKRUP 2 1/2 X 10 SIP,Skrup,SIP
MCEDA0001,SKRUP 2 X 9 CEDAR,Skrup,CEDAR
MSIP0007,SKRUP 2 X 9 SIP,Skrup,SIP
MSIP0008,SKRUP 3 X 12 SIP,Skrup,SIP
MSIP0009,SKRUP 3/4 X 6 SIP,Skrup,SIP
MCML0001,SKRUP 5/8 X 5 CML,Skrup,CML
MSIP0010,SKRUP 5/8 X 5 SIP,Skrup,SIP
MFAB0001,SKRUP FAB 10 X 1,Skrup,FAB
MFAB0002,SKRUP FAB 10 X 1 1/2,Skrup,FAB
MFAB0003,SKRUP FAB 10 X 1 1/4,Skrup,FAB
MFAB0004,SKRUP FAB 10 X 1/2,Skrup,FAB
MFAB0005,SKRUP FAB 10 X 2,Skrup,FAB
MFAB0006,SKRUP FAB 10 X 2 1/2,Skrup,FAB
MFAB0007,SKRUP FAB 10 X 3,Skrup,FAB
MFAB0008,SKRUP FAB 10 X 3/4,Skrup,FAB
MFAB0009,SKRUP FAB 10 X 5/8,Skrup,FAB
MFAB0010,SKRUP FAB 12 X 1,Skrup,FAB
MFAB0011,SKRUP FAB 12 X 1 1/2,Skrup,FAB
MFAB0012,SKRUP FAB 12 X 1 1/4,Skrup,FAB
MFAB0013,SKRUP FAB 12 X 1/2,Skrup,FAB
MFAB0014,SKRUP FAB 12 X 2,Skrup,FAB
MFAB0015,SKRUP FAB 12 X 2 1/2,Skrup,FAB
MFAB0016,SKRUP FAB 12 X 3,Skrup,FAB
MFAB0017,SKRUP FAB 12 X 3/4,Skrup,FAB
MFAB0018,SKRUP FAB 12 X 4,Skrup,FAB
MFAB0019,SKRUP FAB 12 X 5/8,Skrup,FAB
MFAB0020,SKRUP FAB 8 X 2 1/2,Skrup,FAB
MFAB0021,SKRUP FAB 8 X 3,Skrup,FAB
MPAB0001,SKRUP PAB 10 X 1,Skrup,PAB
MPAB0002,SKRUP PAB 10 X 1 1/2,Skrup,PAB
MPAB0003,SKRUP PAB 10 X 1/2,Skrup,PAB
MPAB0004,SKRUP PAB 10 X 2,Skrup,PAB
MPAB0005,SKRUP PAB 10 X 3,Skrup,PAB
MPAB0006,SKRUP PAB 10 X 3/4,Skrup,PAB
MPAB0007,SKRUP PAB 10 X 5/8,Skrup,PAB
MPAB0008,SKRUP PAB 12 X 1,Skrup,PAB
MPAB0009,SKRUP PAB 12 X 1 1/2,Skrup,PAB
MPAB0010,SKRUP PAB 12 X 1 1/4,Skrup,PAB
MPAB0011,SKRUP PAB 12 X 1/2,Skrup,PAB
MPAB0012,SKRUP PAB 12 X 3/4,Skrup,PAB
MPAB0013,SKRUP PAB 12 X 5/8,Skrup,PAB
MPAB0014,SKRUP PAB 14 X 1,Skrup,PAB
MPAB0015,SKRUP PAB 14 X 1 1/2,Skrup,PAB
MPAB0016,SKRUP PAB 14 X 1/2,Skrup,PAB
MPAB0017,SKRUP PAB 14 X 2 1/2,Skrup,PAB
MPAB0018,SKRUP PAB 6 X 1,Skrup,PAB
MPAB0019,SKRUP PAB 6 X 1 1/2,Skrup,PAB
MPAB0020,SKRUP PAB 6 X 1 1/4,Skrup,PAB
MPAB0021,SKRUP PAB 6 X 1/2,Skrup,PAB
MPAB0022,SKRUP PAB 6 X 2,Skrup,PAB
MPAB0023,SKRUP PAB 6 X 3/4,Skrup,PAB
MPAB0024,SKRUP PAB 6 X 3/8,Skrup,PAB
MPAB0025,SKRUP PAB 6 X 5/8,Skrup,PAB
MPAB0026,SKRUP PAB 8 X 1,Skrup,PAB
MPAB0027,SKRUP PAB 8 X 1 1/2,Skrup,PAB
MPAB0028,SKRUP PAB 8 X 1 1/4,Skrup,PAB
MPAB0029,SKRUP PAB 8 X 1/2,Skrup,PAB
MPAB0030,SKRUP PAB 8 X 2,Skrup,PAB
MPAB0031,SKRUP PAB 8 X 2 1/2,Skrup,PAB
MPAB0032,SKRUP PAB 8 X 3,Skrup,PAB
MPAB0033,SKRUP PAB 8 X 3/4,Skrup,PAB
MPAB0034,SKRUP PAB 8 X 3/8,Skrup,PAB
MPAB0035,SKRUP PAB 8 X 5/8,Skrup,PAB
MHASS0047,SOLDER 40 WATT HASSTON,Solder,HASSTON
MISCO0017,SPRAY GUN F75 TABUNG ATAS ISCO,Spray Gun,ISCO
MCAB0007,SPRING KNIP CAB,Spring,CAB
MMULL0018,SPRING KNIP MULLER 2122 SS,Spring,MULLER
MANAT0001,SPRINGKEL TAMAN ANATA,Spring,ANATA
MHIOS0114,STANG GERGAJI BIASA HIOSHI HGG001B,Stang,HIOSHI
MTRIP0001,STANG GRAJI TRIPLEK,Stang,TRIPLEK
MKODE0001,STANG LAS 200A KODENKI,Stang,KODENKI
MDOZI0001,STANG LAS 300A DOZIRO,Stang,DOZIRO
MDOZI0002,STANG LAS 500A DOZIRO,Stang,DOZIRO
MLAS0003,STANG LAS 600A,Stang,LAS
MXENO0007,STANG LAS 600A XENON,Stang,XENON
MCAME0007,STAPLES TEMBAK CAMEL,Staples,CAMEL
MONDA0021,STOP KRAN ONDA JF08 ST,Stop Kran,ONDA
MTAMB0001,"TALI TAMBANG 1,5MM KUNING",Tali,TAMBANG
MTAMB0002,TALI TAMBANG 1MM KUNING,Tali,TAMBANG
MTAMB0003,TALI TAMBANG 3MM BIRU 10M,Tali,TAMBANG
MTAMB0004,TALI TAMBANG 3MM BIRU 200M,Tali,TAMBANG
MTAMB0005,TALI TAMBANG 3MM BIRU 5M,Tali,TAMBANG
MTAMB0006,TALI TAMBANG 6MM HIJAU 10M,Tali,TAMBANG
MTAMB0007,TALI TAMBANG 6MM HIJAU 200M,Tali,TAMBANG
MTAMB0008,TALI TAMBANG 6MM HIJAU 20M,Tali,TAMBANG
MTRUK0001,TALI TRUK 10M,Tali,TRUK
MTORA0001,TALI TRUK 5M TORA,Tali,TORA
MLAFU0001,TAMBAL TALANG LAFUMA BESAR,Tambal,LAFUMA
MLAFU0002,TAMBAL TALANG LAFUMA KECIL,Tambal,LAFUMA
MMODE0055,TAMBAL TALANG MODERN 3M,Tambal,MODERN
MSOLI0007,TAMBAL TALANG SOLIGEN 3M,Tambal,SOLIGEN
MHIOS0115,"TANG BUAYA BULAT 10"" HIOSHI",Tang,HIOSHI
MHIOS0116,"TANG BUAYA LANCIP 10"" HIOSHI",Tang,HIOSHI
MTEKI0009,"TANG CRIMPING SKUN 9"" TEKIRO",Tang,TEKIRO
MHIOS0117,"TANG KAKAKTUA 9"" HIOSHI",Tang,HIOSHI
MRRT0018,"TANG KOMBINASI 6"" RRT",Tang,RRT
MTEKI0010,"TANG KOMBINASI 7"" TEKIRO",Tang,TEKIRO
MGRT0025,"TANG KOMBINASI 8"" GRT",Tang,GRT
MKODA0002,"TANG KOMBINASI 8"" KODAI",Tang,KODAI
MRRT0019,"TANG KOMBINASI 8"" RRT",Tang,RRT
MTEKI0011,"TANG KOMBINASI 8"" TEKIRO",Tang,TEKIRO
MYUST0001,"TANG KOMBINASI 8"" YUSTAR",Tang,YUSTAR
MHASS0048,"TANG KOMBINASI PLN HASSTON 7""",Tang,HASSTON
MHASS0049,"TANG KOMBINASI PLN HASSTON 8""",Tang,HASSTON
MFURA0002,"TANG LANCIP 6"" FURANO",Tang,FURANO
MMDN0005,"TANG LANCIP 6"" MDN",Tang,MDN
MTEKI0012,"TANG LANCIP 6"" TEKIRO",Tang,TEKIRO
MABUS0001,"TANG POTONG 6"" ABUS",Tang,ABUS
MTEKI0013,"TANG POTONG 6"" TEKIRO",Tang,TEKIRO
MHIOS0118,"TANG RIVET KEPALA SWING 11,5"" HIOSHI",Tang,HIOSHI
MKENM0005,"TANG SPI BENGKOK BUKA 6"" KENMASTER",Tang,KENMASTER
MKENM0006,"TANG SPI BENGKOK TUTUP 6"" KENMASTER",Tang,KENMASTER
MKENM0007,"TANG SPI LURUS BUKA 6"" KENMASTER",Tang,KENMASTER
MKENM0008,"TANG SPI LURUS TUTUP 6"" KENMASTER",Tang,KENMASTER
MFRT0003,TANGGA ALUMINIUM FRT 200,Tang,FRT
MFRT0004,TANGGA ALUMINIUM FRT 250,Tang,FRT
MFRT0005,TANGGA ALUMINIUM FRT 300,Tang,FRT
MCHRO0002,TARIKAN ALPHARD 159 CHROME,Tarikan,CHROME
MSN0003,TARIKAN HANDLE 16 CM SN,Tarikan,SN
MGENE0027,TARIKAN KOM PVC,Tarikan,GENERIC
MKZK0009,"TARIKAN KZK 5"" SN",Tarikan,KZK
MKZK0010,"TARIKAN KZK 6"" SN",Tarikan,KZK
MHUBE0027,TARIKAN LACI HUBEN TPA 12 - 128MM,Tarikan,HUBEN
MHUBE0028,TARIKAN LACI HUBEN TPA 39 - 128MM,Tarikan,HUBEN
MHUBE0029,TARIKAN LACI HUBEN TPA 39 - 96MM,Tarikan,HUBEN
MHUBE0030,TARIKAN LACI HUBEN TPS 10 128-96MM,Tarikan,HUBEN
MHUBE0031,TARIKAN LACI HUBEN TPS 10 156-96MM,Tarikan,HUBEN
MONAT0005,TARIKAN ONAT 008 SN,Tarikan,ONAT
MAMAN0004,TARIKAN PINTU AMANI 178,Tarikan,AMANI
MISCO0018,TARIKAN PINTU ISCO GEPENG,Tarikan,ISCO
MISCO0019,TARIKAN PINTU ISCO OVAL,Tarikan,ISCO
MMULL0019,TARIKAN PINTU MULLER SILVER 153-370,Tarikan,MULLER
MMULL0020,TARIKAN PINTU MULLER SILVER 166-350,Tarikan,MULLER
MMULL0021,TARIKAN PINTU MULLER SILVER 168-420,Tarikan,MULLER
MMULL0022,TARIKAN PINTU MULLER SILVER 178-450,Tarikan,MULLER
MMULL0023,TARIKAN PINTU MULLER SILVER WS701-350 SS,Tarikan,MULLER
MMULL0024,TARIKAN PINTU MULLER SILVER WS701-450 SS,Tarikan,MULLER
MTOP0002,TARIKAN PINTU TOP PH801,Tarikan,TOP
MSN0004,"TARIKAN TIPTOP 3"" SN",Tarikan,SN
MSN0005,"TARIKAN TIPTOP 4"" SN",Tarikan,SN
MAC0001,TARIKAN TOP 086 AC,Tarikan,AC
MGP0002,TARIKAN TOP 086 GP,Tarikan,GP
MSC0001,TARIKAN TOP 086 SC,Tarikan,SC
MAC0002,TARIKAN TOP 087 AC,Tarikan,AC
MGP0003,TARIKAN TOP 087 GP,Tarikan,GP
MSC0002,TARIKAN TOP 087 SC,Tarikan,SC
MAC0003,TARIKAN TOP 088 AC,Tarikan,AC
MGP0004,TARIKAN TOP 088 GP,Tarikan,GP
MSC0003,TARIKAN TOP 088 SC,Tarikan,SC
MAC0004,TARIKAN TOP 091 AC,Tarikan,AC
MGP0005,TARIKAN TOP 091 GP,Tarikan,GP
MSC0004,TARIKAN TOP 091 SC,Tarikan,SC
MAC0005,TARIKAN TOP 093 AC,Tarikan,AC
MGP0006,TARIKAN TOP 093 GP,Tarikan,GP
MSC0005,TARIKAN TOP 093 SC,Tarikan,SC
MAC0006,TARIKAN TOP 095 AC,Tarikan,AC
MGP0007,TARIKAN TOP 095 GP,Tarikan,GP
MSC0006,TARIKAN TOP 095 SC,Tarikan,SC
MAC0007,TARIKAN TOP 097 AC,Tarikan,AC
MGP0008,TARIKAN TOP 097 GP,Tarikan,GP
MSC0007,TARIKAN TOP 097 SC,Tarikan,SC
MAC0008,TARIKAN TOP 098 AC,Tarikan,AC
MGP0009,TARIKAN TOP 098 GP,Tarikan,GP
MSC0008,TARIKAN TOP 098 SC,Tarikan,SC
MAC0009,TARIKAN TOP 186 AC,Tarikan,AC
MGP0010,TARIKAN TOP 186 GP,Tarikan,GP
MSC0009,TARIKAN TOP 186 SC,Tarikan,SC
MGENE0028,"TATAH KAYU 1 1/2""",Tatah,GENERIC
MGENE0029,"TATAH KAYU 1 1/4""",Tatah,GENERIC
MGENE0030,"TATAH KAYU 1""",Tatah,GENERIC
MGENE0031,"TATAH KAYU 1/2""",Tatah,GENERIC
MGENE0032,"TATAH KAYU 1/4""",Tatah,GENERIC
MGENE0033,"TATAH KAYU 3/4""",Tatah,GENERIC
MGENE0034,"TATAH KAYU 3/8""",Tatah,GENERIC
MGENE0035,"TATAH KAYU 5/16""",Tatah,GENERIC
MGENE0036,"TATAH KAYU 5/8""",Tatah,GENERIC
MHALU0001,"TATAKAN AMPLAS HALUS 4""",Tatakan,HALUS
MKASA0001,"TATAKAN AMPLAS KASAR 4""",Tatakan,KASAR
MNRT0001,"TATAKAN AMPLAS KASAR 5"" NRT PRO",Tatakan,NRT
MGENE0037,TEMBAKAN LEM TEBAL,Tembakan,GENERIC
MTULA0001,TEMBAKAN LEM TULANG,Tembakan,TULANG
MHIOS0119,TIMBANGAN BULAT 10 KG HIOSHI,Timbangan,HIOSHI
MHIOS0120,TIMBANGAN BULAT 15 KG HIOSHI,Timbangan,HIOSHI
MHIOS0121,TIMBANGAN BULAT 20 KG HIOSHI,Timbangan,HIOSHI
MMODE0056,TIMBANGAN DIGITAL MODERN,Timbangan,MODERN
MMODE0057,TIMBANGAN DIGITAL MODERN M-150,Timbangan,MODERN
MMODE0058,TIMBANGAN DIGITAL MODERN M-200,Timbangan,MODERN
MHIOS0122,TIMBANGAN GANTUNG HIOSHI 100 KG,Timbangan,HIOSHI
MHIOS0123,TIMBANGAN GANTUNG HIOSHI 150 KG,Timbangan,HIOSHI
MHIOS0124,TIMBANGAN GANTUNG HIOSHI 50 KG,Timbangan,HIOSHI
MHUBE0032,TIP ON BULAT HUBEN TO-1 PUTIH,Tip On,HUBEN
MHASS0050,TIRE INFLATOR TG3 HASSTON,Tire Inflator,HASSTON
MKENM0009,TOOL BOX KENMASTER,Tool Box,KENMASTER
MKENM0010,TOOLBOX KENMASTER B380,Tool Box,KENMASTER
MHASS0051,TOPENG LAS HASSTON 4450-014,Topeng,HASSTON
MHIOS0125,"TREKER 3 KAKI HIOSHI 3""",Treker,HIOSHI
MHIOS0126,"TREKER 3 KAKI HIOSHI 4""",Treker,HIOSHI
MHIOS0127,"TREKER 3 KAKI HIOSHI 6""",Treker,HIOSHI
MHIOS0128,TROWEL KAYU LANCIP 1-4 HIOSHI,Trowel,HIOSHI
MKEEG0001,WASBAK KEEGAN KG 5045 BLACK,Wasbak,KEEGAN
MKEEG0002,WASBAK KEEGAN KG 5045 SILVER,Wasbak,KEEGAN
MKEEG0003,WASBAK KEEGAN KG 6045 BLACK,Wasbak,KEEGAN
MKEEG0004,WASBAK KEEGAN KG 6045 SILVER,Wasbak,KEEGAN
MSB0001,WASBAK ROYAL SB 35,Wasbak,SB
MSB0002,WASBAK ROYAL SB 42 S,Wasbak,SB
MRRT0020,WASBAK RRT 50 CM,Wasbak,RRT
MRRT0021,WASBAK RRT 75 CM,Wasbak,RRT
MRRT0022,WASBAK RRT 90 CM,Wasbak,RRT
MGENE0038,"WATERPASS ALUMINIUM 18""",Waterpass,GENERIC
MGENE0039,"WATERPASS ALUMINIUM 24""",Waterpass,GENERIC
MMAGN0001,"WATERPASS MAGNET 18""",Waterpass,MAGNET
MMAGN0002,"WATERPASS MAGNET 24""",Waterpass,MAGNET
MHIOS0129,"WATERPASS MAGNET HIOSHI 18""",Waterpass,HIOSHI
MHIOS0130,"WATERPASS MAGNET HIOSHI 24""",Waterpass,HIOSHI
MHIOS0131,"WATERPASS MAGNET HIOSHI 32""",Waterpass,HIOSHI
MMOLL0007,"WOOL WHEEL MOLLAR 4""",Wool Wheel,MOLLAR
