id,kd_brg,barcode,nama,merk,satuan,kd_supp,modal,barcode_image
1,0BB TESTJM,MHIO01,OBENG TESTPEN 2 WAY JUMBO,HIOSHI,PCS,KBB,4963.75,
2,AGR BT1/2,MHIO02,"AUGERBITS 1/2"" (13 MM) HIOSHI",HIOSHI,PCS,KBB,12825.0,
3,AGR BT1/4,MHIO03,"AUGERBITS 1/4"" (6MM) HIOSHI",HIOSHI,PCS,KBB,7671.25,
4,AGR BT3/4,MHIO04,"AUGERBITS 3/4"" (19MM) HIOSHI",HIOSHI,PCS,KBB,20757.5,
5,AGR BT3/8,MHIO05,"AUGERBITS 3/8"" (10MM) HIOSHI",HIOSHI,PCS,KBB,9262.5,
6,AGR BT5/16,MHIO06,AUGERBITS 5/16 (8MM) HIOSHI,HIOSHI,PCS,KBB,8193.75,
7,AGR BT5/8,MHIO07,"AUGERBITS 5/8"" (16MM) HIOSHI",HIOSHI,PCS,KBB,16743.75,
8,AMP BLT 120,MSAB01,AMPLAS BULAT 120 SAB,SAB,PCS,SUARI,320.0,
9,AMP BLT 150,MSAB02,AMPLAS BULAT 150 SAB,SAB,PCS,SUARI,320.0,
10,AMP BLT 400,MSAB03,AMPLAS BULAT 400 SAB,SAB,PCS,SUARI,325.0,
11,AMP BLT 60,MSAB04,AMPLAS BULAT 60 SAB,SAB,PCS,SMS,320.0,
12,AMP BLT 80,MSAB05,AMPLAS BULAT 80 SAB-XX,SAB,PCS,SUARI,270.0,
13,AMP DC IGM150,MIGM01,AMPLAS DUCO IGM 150,IGM,PCS,HIK,1150.0,
14,AMP DC IGM1500,MIGM02,AMPLAS DUCO IGM 1500,IGM,PCS,HIK,1150.0,
15,AMP DC IGM2000,MIGM03,AMPLAS DUCO IGM 2000,IGM,PCS,HIK,1150.0,
16,AMP DC IGM400,MIGM04,AMPLAS DUCO IGM 400,IGM,PCS,HIK,1150.0,
17,AMP DC IGM600,MIGM05,AMPLAS DUCO IGM 600,IGM,PCS,HIK,1150.0,
18,AMP DCTY 1000,MTAI01,AMPLAS DUCO TAIYO 1000,TAIYO,PCS,SUARI,1175.0,
19,AMP DCTY 2000,MTAI02,AMPLAS DUCO TAIYO 2000,TAIYO,PCS,SUARI,1175.0,
20,AMP DCTY 240,MTAI03,AMPLAS DUCO TAIYO 240,TAIYO,PCS,SUARI,1175.0,
21,AMP DCTY 280,MTAI04,AMPLAS DUCO TAIYO 280,TAIYO,PCS,SUARI,1175.0,
22,AMP DCTY 400,MTAI05,AMPLAS DUCO TAIYO 400,TAIYO,PCS,SUARI,1275.0,
23,AMP DCTY 60,MTAI06,AMPLAS DUCO TAIYO 60,TAIYO,PCS,SUARI,1175.0,
24,AMP RL 120 GM,MGOM01,AMPLAS ROLL 120 GOMEO,GOMEO,ROL,NIB,190000.0,
25,AMP RL 60 GM,MGOM02,AMPLAS ROLL 60 GOMEO,GOMEO,ROL,NIB,180000.0,
26,AMP RLKD 120,MKOD01,AMPLAS ROLL KODAI 120,KODAI,ROL,SUARI,140000.0,
27,AMP RLKD 150,MKOD02,AMPLAS ROLL KODAI 150,KODAI,ROL,SUARI,140000.0,
28,AMP RLKD 240,MKOD03,AMPLAS ROLL KODAI 240,KODAI,ROL,SUARI,140000.0,
29,AMP RLKD 400,MKOD04,AMPLAS ROLL KODAI 400,KODAI,ROL,SUARI,140000.0,
30,AMP RLKD 80,MKOD05,AMPLAS ROLL KODAI 80,KODAI,ROL,SUARI,140000.0,
31,AMP RLTY 100,MTAI07,AMPLAS ROLL TAIYO 100,TAIYO,ROL,SUARI,205000.0,
32,AMP RLTY 120,MTAI08,AMPLAS ROLL TAIYO 120,TAIYO,ROL,SUARI,210000.0,
33,AMP RLTY 150,MTAI09,AMPLAS ROLL TAIYO 150,TAIYO,PCS,SUARI,205000.0,
34,AMP RLTY 180,MTAI10,AMPLAS ROLL TAIYO 180,TAIYO,ROL,SUARI,205000.0,
35,AMP RLTY 400,MTAI11,AMPLAS ROLL TAIYO 400,TAIYO,ROL,SUARI,205000.0,
36,ARM 2100 JIZ10,MMOD01,ARM BOR M2100B/JIZ10,MODERN,PCS,GMM,58295.0,
37,ARM 2300B SIM100,MMOD02,ARM GRINDA M2300B/SIM100,MODERN,PCS,GMM,58295.0,
38,ARM 2350B,MMOD03,ARM GRINDA M2350B,MODERN,PCS,GMM,67450.0,
39,ARM 2600,MMOD04,ARM CIRCULAR M2600L,MODERN,PCS,GMM,107955.0,
40,ARM 2750,MMOD05,ARMATURE TRIMMER M2750,MODERN,PCS,GMM,74273.0,
41,ARM M2100 JIZ10B,MMOD06,ARMATURE DRILL M-2100B/JIZ-10B,MODERN,PCS,GMM,75050.0,
42,ARM PLANNER,MMOD07,ARMATURE PLANNER M2900,MODERN,PCS,GMM,74100.0,
43,ARM TRIMMER,MMOD08,ARMATURE TRIMMER M2700,MODERN,PCS,GMM,92150.0,
44,BAKCAT ELGN,MELE01,BAK CAT HITAM ELEGANT,ELEGANT,PCS,NIB,47500.0,
45,BAKCAT RYR,MREY01,BAK CAT REYNER,REYNER,LSN,NIB,47500.0,
46,BAN DLM ARCO,MART01,BAN DALAM ARTCO,ARTCO,PCS,NIB,20000.0,
47,BB BSCH 6,MBOS01,BOR BETON BOSCH 6,BOSCH,PCS,RKW,12183.36,
48,BB BSCH 8,MBOS02,BOR BETON BOSCH 8,BOSCH,PCS,RKW,16200.0,
49,BB GM 6,MGOM03,"BOR BETON GOMEO 6""",GOMEO,PCS,NIB,2700.0,
50,BB GM 8,MGOM04,"BOR BETON GOMEO 8""",GOMEO,PCS,NIB,4200.0,
51,BB HSS 10,MHAS01,BOR BETON 10 HASSTON,HASSTON,PCS,CPI,14355.0,
52,BB HSS 12,MHAS02,BOR BETON 12 HASSTON,HASSTON,PCS,CPI,19525.0,
53,BB HSS 6,MHAS03,BOR BETON 6 HASSTON,HASSTON,PCS,CPI,9130.0,
54,BB HSS 8,MHAS04,BOR BETON 8 HASSTON,HASSTON,PCS,CPI,12760.0,
55,BB SDS 8,MXXX01,BOR BETON SDS 8,,PCS,RKW,25600.0,
56,BCP50 PLV,MPIL01,BCP 50 PILOV + AFUR,PILOV,SET,SU,70000.0,
57,BCP50 PRSTL,MPRE01,BCP 50 PRESTIL + AFUR,PRESTIL,SET,STS,67500.0,
58,BCP50 RRT,MXXX02,BCP 50 X 40 RRT,,PCS,SU,57500.0,
59,BCP60 YZ,MYOZ01,"BCP HM 60 X 45 ""YOZURI""",YOZURI,SET,STS,662055.0,
60,BCP75 PRSTL,MPRE02,BCP 75 PRESTIL + AFUR,PRESTIL,SET,STS,79000.0,
61,BCP75 RRT,MXXX03,BCP 75 X 40 RRT,,PCS,SU,77500.0,
62,BCP75 YZ,MYOZ02,"BCP HM 75 X 40 ""YOZURI""",YOZURI,SET,STS,715000.0,
63,BCP96 PLV,MPIL02,BCP 96 PILOV + AFUR,PILOV,SET,SU,95000.0,
64,BCP96 PRSTL,MPRE03,BCP 96 PRESTIL + AFUR,PRESTIL,SET,STS,92600.0,
65,BCP96 RRT,MOLI01,"BCP / WASHBAK 96 X 43 X 0,4",OLIQ,PCS,LGA,93500.0,
66,BCP96 RRT SU,MXXX04,BCP 96 X 43 RRT,,PCS,SU,87500.0,
67,BDM 16LBS,MHIO08,BODEM / PALU PON ULIR 16 LBS,HIOSHI,PCS,KBB,148200.0,
68,BDM 18LBS,MHIO09,BODEM / PALU PON ULIR 18 LBS,HIOSHI,PCS,KBB,166725.0,
69,BDM 20LBS,MHIO10,BODEM / PALU PON ULIR 20 LBS,HIOSHI,PCS,KBB,190000.0,
70,BDPL 8545SN,MGOM05,BODY PELOR GOMEO 8545 SN,GOMEO,LSN,NIB,600000.0,
71,BDPL CLS,MCLA01,BODY PELOR CLASSIC,CLASSIC,LSN,HSJ,441800.0,
72,BDPL ISCO,MISC01,BODY PELOR ISCO,ISCO,LSN,STD,31000.0,
73,BDPL ISCO SET,MISC02,BODY PELOR ISCO PER SET,ISCO,SET,STD,31000.0,
74,BDPL ISCO SS304,MISC03,BODY PELOR ISCO PLAT SS304,ISCO,SET,STD,34375.0,
75,BDPL SS7016,MGOM06,BODY PELOR GOMEO SS 7016,GOMEO,PCS,NIB,87500.0,
76,BHARCO,MART02,BAN HIDUP ARTCO / BAN KOMPLIT,ARTCO,PCS,NIB,130000.0,
77,BL RL KPL,MXXX05,"BULU KUAS ROLL KAPAL 4""",,LSN,,7125.0,
78,BL RL KPL HH,MXXX06,"BULU KUAS ROLL KAPAL 4""",,LSN,HHH,7125.0,
79,BLARCO NI,MART03,BAN LUAR ARTCO MERAH,ARTCO,PCS,NIB,52500.0,
80,BOR KNG 10,MGOM07,"BOR KUNING 10"" GOMEO",GOMEO,PCS,NIB,8250.0,
81,BOR KNG 3,MGOM08,"BOR KUNING 3"" GOMEO",GOMEO,PCS,NIB,1125.0,
82,BT KNSL,MKIN01,BATU SLEP KINIK M100X6X16,KINIK,PCS,JCK,6500.0,
83,BT10HSH,MHIO11,BETEL TOPI 10 X 16 HIOSHI,HIOSHI,PCS,KBB,17100.0,
84,BT12HSH,MHIO12,BETEL TOPI 12 X 16 HIOSHI,HIOSHI,PCS,KBB,20520.0,
85,BT8HSH,MHIO13,BETEL TOPI 8 X 16 HIOSHI,HIOSHI,PCS,KBB,13680.0,
86,BTAS DYK 6,MDAY01,BATU ASAH DAYAK 6 ABU,DAYAK,PCS,NAS,8750.0,
87,BTAS DYK 8,MDAY02,BATU ASAH DAYAK 8 ABU,DAYAK,PCS,NAS,9500.0,
88,BTAS TCT,MHIO14,BATU ASAH TCT HIOSHI,HIOSHI,PCS,KBB,27312.5,
89,BTAS TCT HSS,MHAS05,BATU ASAH TCT HASSTON,HASSTON,PCS,CPI,37675.0,
90,BTGS AWS6,MAWS01,"BATU GOSOK ORANGE AWS 6""",AWS,PCS,NIB,6400.0,
91,BTGS AWS8,MAWS02,"BATU GOSOK ORANGE AWS 8""",AWS,PCS,NIB,6400.0,
92,BTGS DMD8,MDIA01,"BATU GOSOK ABU DMD 8""",DIAMOND,PCS,SMSL,6110.0,
93,BTGS GRT8,MGRT01,"BATU GOSOK PREMIUM GRT 8""",GRT,PCS,SMSL,21150.0,
94,BTGS YS 6,MYUS01,BATU GOSOK ORANGE ABU 6' YUSTAR,YUSTAR,PCS,HHH,4275.0,
95,BTGS YS 8,MYUS02,BATU GOSOK ORANGE ABU 8' YUSTAR,YUSTAR,PCS,HHH,4750.0,
96,BTGS YY6 OR,MYYX01,"BATU GOSOK ORANGE YY 6""",YY,PCS,NIB,6900.0,
97,BTGS YY8 OR,MYYX02,"BATU GOSOK ORANGE YY 8""",YY,PCS,NIB,9250.0,
98,BTJB 10,MVPR01,BETEL TOPI JUMBO 10' VPR,VPR,LSN,MSM,130000.0,
99,BTJB 12,MVPR02,BETEL TOPI JUMBO 12' VPR,VPR,LSN,MSM,150000.0,
100,BTJB 8,MVPR03,BETEL TOPI JUMBO 8' VPR,VPR,LSN,MSM,100000.0,
101,BTPT BOSCH,MBOS03,BATU POTONG / CUTTING BOSCH,BOSCH,PCS,RKW,1950.27,
102,BTTP 10 RRT,MXXX07,BETEL TOPI 10 RRT,,LSN,SU,100000.0,
103,BTTP 12 RRT,MXXX08,BETEL TOPI 12 RRT,,LSN,SU,114000.0,
104,BTTP 8 RRT,MXXX09,BETEL TOPI 8 RRT,,LSN,SU,76000.0,
105,BTTP RRT10,MFAW01,BETEL TOPI RRT (FAWI) 10,FAWI,LSN,HIK,97500.0,
106,BTTP RRT10 TK,MTOK01,BETEL TOPI RRT 10 TOKIO,TOKIO,LSN,NAS,77600.0,
107,BTTP RRT12,MFAW02,BETEL TOPI RRT (FAWI) 12,FAWI,LSN,HIK,106363.64,
108,BTTP RRT12 TK,MTOK02,BETEL TOPI RRT 12 TOKIO,TOKIO,LSN,NAS,87300.0,
109,BTTP RRT8,MFAW03,BETEL TOPI RRT (FAWI) 8,FAWI,LSN,HIK,70909.09,
110,BTTP RRT8 TK,MTOK03,BETEL TOPI RRT 8 TOKIO,TOKIO,LSN,NAS,73720.0,
111,BV PRO1/2,MHIO15,BALL VALVE PRO 1/2' (FULL KUNINGAN),HIOSHI,PCS,KBB,22562.5,
112,BV PRO3/4,MHIO16,BALL VALVE PRO 3/4' (FULL KUNINGAN),HIOSHI,PCS,KBB,27312.5,
113,CB 100,MMOD09,CARBON BRUSH CB-100,MODERN,PCS,MT,1700.0,
114,CB 21,MMOD10,CARBON BRUSH CB-21,MODERN,PCS,MT,1700.0,
115,CB 411,MMOD11,CARBON BRUSH CB-411,MODERN,PCS,MT,1700.0,
116,CB 51,MMOD12,CARBON BRUSH CB-51,MODERN,BOX,MDT,1250.0,
117,CB 64,MMOD13,CARBON BRUSH CB-64,MODERN,PCS,MT,1250.0,
118,CB TIES HTM100,MHAS06,CABLE TIES HITAM 100,HASSTON,PAK,CPI,3960.0,
119,CB TIES HTM150,MHAS07,CABLE TIES HITAM 150,HASSTON,PAK,CPI,5390.0,
120,CB TIES HTM200,MHAS08,CABLE TIES HITAM 200,HASSTON,PAK,CPI,12210.0,
121,CB TIES HTM250,MHAS09,CABLE TIES HITAM 250,HASSTON,PAK,CPI,18590.0,
122,CB TIES HTM300,MHAS10,CABLE TIES HITAM 300,HASSTON,PAK,CPI,22605.0,
123,CB TIES PTH100,MHAS11,CABLE TIES PUTIH 100,HASSTON,PAK,CPI,23760.0,
124,CB TIES PTH150,MHAS12,CABLE TIES PUTIH 150,HASSTON,PAK,CPI,5390.0,
125,CB TIES PTH200,MHAS13,CABLE TIES PUTIH 200,HASSTON,PAK,CPI,12210.0,
126,CB TIES PTH250,MHAS14,CABLE TIES PUTIH 250,HASSTON,PAK,CPI,19525.0,
127,CB TIES PTH300,MHAS15,CABLE TIES PUTIH 300,HASSTON,PAK,CPI,21474.75,
128,CB TIES PTH500,MVEG01,CABLE TIES PUTIH 500,VEGAZ,PAK,VJP,38000.0,
129,CHAINSAW 12,MMOD14,"MESIN CHAIN SAW 12"" GRINDA MODERN",MODERN,PCS,MT,110000.0,
130,CIRCLE M2600L,MMOD15,MESIN CIRCULARSAW M2600L,MODERN,PCS,GMM,506825.0,
131,CIRCULARSAW SM10,MESS01,"MESIN CIRCULAR SAW SM10""X40T ESSEN",ESSEN,PCS,MT,87200.0,
132,CT FK9,MFUK01,CATUT / TANG KAKATUA 9 FUKUDA,FUKUDA,PCS,SU,23000.0,
133,CT HD9,MHIO17,CATUT / TANG KAKATUA HD 9,HIOSHI,LSN,KBB,276000.0,
134,CT HIOSHI 9,MHIO18,CATUT HIOSHI 9,HIOSHI,PCS,KBB,24937.5,
135,CTK HB 10,MHIO19,CETOK HEBEL 10 CM HIOSHI,HIOSHI,PCS,KBB,21631.5,
136,CTK KR GLX,MGLX01,CETOK KORALTEX GLX,GLX,LSN,GSS,122000.0,
137,CTK KRTEX,MHIO20,TROWEL KAYU SEGI ( CETOK KORALTEX),HIOSHI,LSN,KBB,213750.0,
138,CTK KY BLT,MHIO21,CETOK KAYU BULAT HIOSHI,HIOSHI,LSN,KBB,161500.0,
139,CTK LNCP,MHIO22,TROWEL KAYU LANCIP,HIOSHI,LSN,KBB,228000.0,
140,CTK LNCP 6,MHIO23,CETOK LANCIP 6' HIOSHI,HIOSHI,LSN,KBB,156750.0,
141,CTK LNCP 7,MHIO24,CETOK LANCIP 7' HIOSHI,HIOSHI,LSN,KBB,166250.0,
142,CUTWD 14,MWDX01,"CUTTING WHEEL 14""",WD,PCS,WDS,30839.13,
143,CUTWD 4,MWDX02,"CUTTING WHEEL 4"" (WD)",WD,PCS,WDS,2581.43,
144,DB TAPE,MXXX10,DOUBLETAPE,,ROL,STS,2755.0,
145,DMD BSCH ECO,MBOS04,DIAMOND DISC STANDARD ECO KERING,BOSCH,PCS,ACP,29730.0,
146,DMD BSH STD,MBOS05,DIAMOND DISC STANDARD HIJAU BASAH,BOSCH,PCS,ACP,29730.0,
147,DMD TR MAX,MMAX01,DIAMOND WHEEL TURBO MAXTECH,MAXTECH,PCS,STD,38500.0,
148,DMD WH GM,MGOM09,DIAMOND WHEEL GOMEO,GOMEO,PCS,NIB,10000.0,
149,DMD WH TRGM,MGOM10,DIAMOND WHEEL TURBO GOMEO,GOMEO,PCS,NIB,20500.0,
150,DMD WH01,MBOS06,DIAMOND DISC TURBO (BOSCH),BOSCH,PCS,ACP,45066.0,
151,DONGKRAK,MXXX11,DONGKRAK BUAYA 2T 5.5 KG PLASTIC,,PCS,SMT,275000.0,
152,DS007,MDOL01,DOOR STOP 007 / MAGNET PINTU DOLPHIN,DOLPHIN,PCS,BI,9818.18,
153,ENG DPH3,MDOL02,ENGSEL DOLPHIN 3' BESI,DOLPHIN,LSN,BI,160000.0,
154,ENG DPH4,MDOL03,ENGSEL DOLPHIN 4' BESI,DOLPHIN,LSN,BI,210000.0,
155,ENG DPH5,MDOL04,ENGSEL DOLPHIN 5' BESI,DOLPHIN,LSN,BI,220000.0,
156,ENG DPHSS3,MDOL05,ENGSEL DOLPHIN SS 3',DOLPHIN,LSN,BI,180000.0,
157,ENG DPHSS4,MDOL06,ENGSEL DOLPHIN SS 4',DOLPHIN,LSN,BI,254545.45,
158,ENG DPHSS5,MDOL07,ENGSEL DOLPHIN SS 5',DOLPHIN,LSN,BI,334545.45,
159,ENG GDO3SN,MGDO01,ENGSEL GDO 3 SN,GDO,LSN,BI,90909.1,
160,ENG GDO4SN,MGDO02,ENGSEL GDO 4 SN,GDO,LSN,BI,135000.0,
161,ENG GM 3BLK,MGOM11,ENGSEL GOMEO 3' BLACK,GOMEO,LSN,NIB,95000.0,
162,ENG GM 4BLK,MGOM12,ENGSEL GOMEO 4' BLACK,GOMEO,LSN,NIB,137500.0,
163,ENG GM 5BLK,MGOM13,ENGSEL GOMEO 5' BLACK,GOMEO,LSN,NIB,165000.0,
164,ENG GM3GP,MGOM14,ENGSEL GOMEO 3' GP,GOMEO,LSN,NIB,102500.0,
165,ENG GM3SN,MGOM15,ENGSEL GOMEO 3' SN,GOMEO,LSN,NIB,107500.0,
166,ENG GM4GP,MGOM16,ENGSEL GOMEO 4' GP,GOMEO,LSN,NIB,147500.0,
167,ENG GM4SN,MGOM17,ENGSEL GOMEO 4' SN,GOMEO,LSN,NIB,157500.0,
168,ENG GM5GP,MGOM18,ENGSEL GOMEO 5' GP,GOMEO,LSN,NIB,175000.0,
169,ENG GM5SN,MGOM19,ENGSEL GOMEO 5' SN,GOMEO,LSN,NIB,180000.0,
170,ENG GRT 3SN,MGRT02,ENGSEL GRT 3' SN,GRT,LSN,SMSL,76500.0,
171,ENG GRT 4GP,MGRT03,ENGSEL GRT 4' GP,GRT,LSN,SMSL,142500.0,
172,ENG GRT 4SN,MGRT04,ENGSEL GRT 4' SN,GRT,LSN,SMSL,118500.0,
173,ENG GRT 5SN,MGRT05,ENGSEL GRT 5' SN,GRT,LSN,SMSL,173375.0,
174,ENG HPP3GP,MHPP01,ENGSEL HPP 3 GP,HPP,LSN,HSJ,47940.0,
175,ENG IGM3SN,MIGM06,ENGSEL IGM 3 SN,IGM,LSN,HIK,98636.36,
176,ENG OLIQ3SN,MOLI02,ENGSEL OLIQ 3SN,OLIQ,LSN,LGA,100000.0,
177,ENG SLN 9 PTH,MXXX12,ENGSEL SALON 9 PTH ESLON,,LSN,KA,32432.4,
178,ENG TPS 2.5,MMJP01,ENGSEL TIPIS 2.5 GP MJP,MJP,LSN,NIB,33000.0,
179,ENG TPS 2.5 GM,MGOM20,ENGSEL TIPIS 2.5 GP GOMEO,GOMEO,LSN,NIB,32000.0,
180,ENG TPS 2.5 RRT,MXXX13,"ENGSEL TIPIS 2.5"" RRT",,LSN,KA,8000.0,
181,ENG TPS 3 RRT,MXXX14,"ENGSEL TIPIS 3"" RRT",,LSN,GSS,11750.0,
182,ENG TPS 3 SS,MIGM07,ENGSEL TIPIS IGM 3 SS,IGM,LSN,HIK,38000.0,
183,ENG TPS2 GP,MGOM21,"ENGSEL TIPIS 2"" GP GOMEO",GOMEO,LSN,NIB,25000.0,
184,ENG TPS3 GP,MGOM22,"ENGSEL TIPIS 3"" GP GOMEO",GOMEO,LSN,NIB,38000.0,
185,ENG TR3GP,MTRE01,ENGSEL TREGO 3 GP,TREGO,LSN,LGA,98700.0,
186,ENG TR3SN,MTRE02,ENGSEL TREGO 3 SN,TREGO,LSN,LGA,98700.0,
187,ENG TR4SN,MXXX15,ENGSEL TREGO 4 SN,,LSN,LGA,142410.0,
188,ENG TR5SN,MXXX16,ENGSEL TREGO 5 SN,,LSN,LGA,172490.0,
189,FIBERTAPE,MXXX17,FIBERTAPE,,PCS,MSM,2800.0,
190,FIBERTAPE PR,MPRO01,FIBERTAPE PROFIX,PROFIX,PCS,NIB,2650.0,
191,GB OCP2,MKUR01,GRENDEL BULAT OCP 2' KURA,KURA,LSN,KA,28000.0,
192,GB OCP3,MXXX18,GRENDEL BULAT OCP 3' KURA,,LSN,KA,37500.0,
193,GB OCP4,MKUR02,GRENDEL BULAT OCP 4' KURA,KURA,LSN,KA,47500.0,
194,GBH 6,MGDO03,GRENDEL BULAT HITAM 6,GDO,LSN,BI,25000.0,
195,GC KROX,MXXX19,GANCO KROX (DANDANG) 5 LB,,LSN,NAS,654750.0,
196,GJ CKLT KR,MKUR03,GRENDEL JEPIT COKLAT KURA,KURA,LSN,KS,10500.0,
197,GJ PTH KR,MKUR04,GRENDEL JEPIT PUTIH KURA,KURA,LSN,KS,9500.0,
198,GL STICK,MXXX20,LEM GLUE STICK / LEM BAKAR BENING K,,KG ,HF,42000.0,
199,GL STICK B,MONE01,LEM GLUE STICK / LEM BAKAR BENING B,ONE DROP,KG ,HF,42000.0,
200,GLX FLEX18,MGLX02,MATA GRAJI GLX FLEX 18T,GLX,PCS,GSS,1850.0,
201,GM OV PDK 30,MHIO25,GEMBOK OVAL PENDEK 30 HIOSHI,HIOSHI,PCS,KBB,10488.0,
202,GM OV PDK 40,MHIO26,GEMBOK OVAL PENDEK 40 HIOSHI,HIOSHI,PCS,KBB,13984.0,
203,GM OV PDK 50,MHIO27,GEMBOK OVAL PENDEK 50 HIOSHI,HIOSHI,PCS,KBB,17480.0,
204,GM OV PJG 30,MHIO28,GEMBOK OVAL PANJANG 30 HIOSHI,HIOSHI,PCS,KBB,12236.0,
205,GM OV PJG 50,MHIO29,GEMBOK OVAL PANJANG 50 HIOSHI,HIOSHI,PCS,KBB,19228.0,
206,GMB HTM50 GLX,MGLX03,GEMBOK HITAM 50MM GLX,GLX,LSN,GSS,130000.0,
207,GMB KC ECO20,MHIO30,GEMBOK KECIL ECO WARNA 20 MM HIOSHI,HIOSHI,LSN,KBB,68400.0,
208,GMB KC ECO25,MHIO31,GEMBOK KECIL ECO WARNA 25 MM HIOSHI,HIOSHI,LSN,KBB,72675.0,
209,GMB KC ECO30,MHIO32,GEMBOK KECIL ECO WARNA 30 MM HIOSHI,HIOSHI,LSN,KBB,95000.0,
210,GMB KC ECO40,MHIO33,GEMBOK KECIL ECO WARNA 40 MM HIOSHI,HIOSHI,LSN,KBB,118060.53,
211,GMJD 30 PDK,MHIO34,GEMBOK JODOH 30 PENDEK,HIOSHI,LSN,KBB,196650.0,
212,GMJD 30 PJG,MHIO35,GEMBOK JODOH 30 PANJANG,HIOSHI,LSN,KBB,191781.25,
213,GMJD 40 PDK,MHIO36,GEMBOK JODOH 40 PENDEK,HIOSHI,LSN,KBB,235980.0,
214,GMJD 40 PJG,MHIO37,GEMBOK JODOH 40 PANJANG,HIOSHI,LSN,KBB,243839.95,
215,GMJD 50 PDK,MHIO38,GEMBOK JODOH 50 PENDEK,HIOSHI,LSN,KBB,314640.0,
216,GMJD 50 PJG,MHIO39,GEMBOK JODOH 50 PANJANG,HIOSHI,LSN,KBB,314640.0,
217,GMJD 60 PDK,MHIO40,GEMBOK JODOH 60 PENDEK,HIOSHI,LSN,KBB,353970.0,
218,GMJD 60 PJG,MHIO41,GEMBOK JODOH 60 PANJANG,HIOSHI,LSN,KBB,393300.0,
219,GNT 16CM ECO,MHIO42,GUNTING KERTAS ECO 16 CM HIOSHI,HIOSHI,PCS,KBB,5408.31,
220,GNT 6 SS,MHIO43,GUNTING S/S 6' HIOSHI,HIOSHI,PCS,KBB,10567.14,
221,GNT DH LRS8,MHIO44,"GUNTING DAHAN LURUS 8"" (TIGER )",HIOSHI,PCS,KBB,29150.75,
222,GNT HL TORA,MTOR01,GUNTING HOLO TORA,TORA,PCS,SMM,50000.0,
223,GNT HL10 VG,MVEG02,GUNTING HOLO 10 VEGAZ,VEGAZ,PCS,VJP,45000.0,
224,GNT HOLO 10,MHIO45,GUNTING HOLO CRV 10 HIOSHI,HIOSHI,PCS,KBB,52250.0,
225,GNT KWT EXTR,MHIO46,GUNTING KAWAT EXTREME 42 HIOSHI,HIOSHI,PCS,KBB,313500.0,
226,GNT PG HS,MHIO47,GUNTING PAGAR / RUMPUT HIOSHI,HIOSHI,PCS,KBB,26919.2,
227,GNTGHOLO,MCAM01,GUNTING HOLO HEAVY DUTY CAMEL,CAMEL,PCS,PTMS,25909.0,
228,GNTGKR,MCAM02,GUNTING KOREA (905) CAMEL,CAMEL,PCS,PTMS,20000.0,
229,GNTKWT HD30,MHIO48,GUNTING KAWAT / BETON HD30,HIOSHI,PCS,KBB,0.0,
230,GNTKWT HD36,MHIO49,GUNTING KAWAT / BETON HD36,HIOSHI,PCS,KBB,182192.2,
231,GNTKWT30HS,MHIO50,GUNTING KAWAT EXTREME 30 HIOSHI,HIOSHI,PCS,KBB,142500.0,
232,GNTKWT36HS,MHIO51,GUNTING KAWAT EXTREME 36 (UPGRADE),HIOSHI,PCS,KBB,178125.0,
233,GO 2 GM,MGOM23,"GRENDEL OVERVAL 2"" GOMEO",GOMEO,LSN,NIB,35000.0,
234,GO 2 PTH KR,MKUR05,"GRENDEL OVERVAL 2"" PUTIH KURA",KURA,LSN,KS,24000.0,
235,GO 3 GM,MGOM24,"GRENDEL OVERVAL 3"" GOMEO",GOMEO,LSN,NIB,41000.0,
236,GR 18 YS,MYUS03,"GOROK KARET ORANGE 18"" YUSTAR",YUSTAR,PCS,HHH,12271.15,
237,GR DBLMY,MXXX21,GRAJI DOBEL MYROS,,BOX,GSS,62500.0,
238,GR DP 3,MKZK01,GRENDEL DOBEL PLAT 3',KZK,LSN,BS,25455.0,
239,GR DP 4,MXXX22,GRENDEL DOBEL PLAT 4',,LSN,NIB,26000.0,
240,GR GM 18,MGOM25,GRAJI GOROK GOMEO 18,GOMEO,LSN,NIB,215000.0,
241,GR HB 18,MGOM26,"GRAJI BATA RINGAN / GOROK HEBEL GOMEO 18""",GOMEO,LSN,NIB,187500.0,
242,GR HS 18EX,MHIO52,GOROK KAYU 18' EXTREME HIOSHI,HIOSHI,PCS,KBB,34616.52,
243,GR KOPI CAB,MCAB01,GOROK KOPI CAB SAMURAI,CAB,LSN,HSJ,220900.0,
244,GR KOPI HD14,MHIO53,GOROK / GERGAJI KOPI HD14 HIOSHI,HIOSHI,LSN,KBB,218630.61,
245,GR KY MNTP SERI,MHIO54,GOROK / GERGAJI KAYU MANTAP SERI HIOSHI,HIOSHI,LSN,KBB,241224.0,
246,GR KY MNTP14,MHIO55,GOROK / GERGAJI KAYU MANTAP 14 HIOSHI,HIOSHI,LSN,KBB,234232.0,
247,GR KY MNTP16,MHIO56,GOROK / GERGAJI KAYU MANTAP 16 HIOSHI,HIOSHI,LSN,KBB,241224.0,
248,GR KY MNTP18,MHIO57,GOROK / GERGAJI KAYU MANTAP 18 HIOSHI,HIOSHI,LSN,KBB,248216.0,
249,GR SERI AWS,MAWS03,GOROK SERI AWS 14-16-18,AWS,LSN,NIB,195000.0,
250,GR SERI GRT,MGRT06,GERGAJI GOROK SERI GRT 14-16-18,GRT,LSN,SMSL,211500.0,
251,GR SERI HS,MHIO58,GOROK SERI HIOSHI 14-18,HIOSHI,LSN,KBB,223250.0,
252,GR SS10 NI,MGOM27,"GRENDEL STAINLESS 10"" GOMEO",GOMEO,LSN,NIB,92500.0,
253,GR SS12 NI,MGOM28,"GRENDEL STAINLESS 12"" GOMEO",GOMEO,LSN,NIB,115000.0,
254,GR SS2,MDOL08,"GRENDEL STAINLESS 2"" DOLPHIN",DOLPHIN,LSN,BI,46545.45,
255,GR SS2 NI,MGOM29,"GRENDEL STAINLESS 2"" GOMEO",GOMEO,LSN,NIB,21500.0,
256,GR SS2 OVAL GM,MGOM30,"GRENDEL STAINLESS 2"" OVAL GOMEO",GOMEO,LSN,NIB,22500.0,
257,GR SS3,MDOL09,"GRENDEL STAINLESS 3"" DOLPHIN",DOLPHIN,LSN,BI,60000.01,
258,GR SS3 NI,MGOM31,"GRENDEL STAINLESS 3"" GOMEO",GOMEO,LSN,NIB,27000.0,
259,GR SS3 OVAL GM,MGOM32,"GRENDEL STAINLESS 3"" OVAL GOMEO",GOMEO,LSN,NIB,27000.0,
260,GR SS4,MDOL10,"GRENDEL STAINLESS 4"" DOLPHIN",DOLPHIN,LSN,BI,75000.0,
261,GR SS4 NI,MGOM33,"GRENDEL STAINLESS 4"" GOMEO",GOMEO,LSN,NIB,35000.0,
262,GR SS4 OVAL GM,MGOM34,"GRENDEL STAINLESS 4"" OVAL GOMEO",GOMEO,LSN,NIB,32500.0,
263,GR SS6 NI,MGOM35,"GRENDEL STAINLESS 6"" GOMEO",GOMEO,LSN,NIB,49000.0,
264,GR SS6 OVAL GM,MGOM36,"GRENDEL STAINLESS 6"" OVAL GOMEO",GOMEO,LSN,NIB,44000.0,
265,GR SS8 NI,MGOM37,"GRENDEL STAINLESS 8"" GOMEO",GOMEO,LSN,NIB,77500.0,
266,GRARCO NI,MARC01,GEROBAK ARCO MERAH,ARCO,PCS,NIB,620000.0,
267,GRBS EKL 12,MHIO59,GERGAJI BESI 12' ENGKOL 001E,HIOSHI,LSN,KBB,277875.0,
268,GRBS KRT 001A,MHIO60,GERGAJI BESI GG KARET 001A,HIOSHI,LSN,KBB,235125.0,
269,GRINDA 2300B,MMOD16,MESIN GRINDA M2300B,MODERN,PCS,GMM,239590.0,
270,GRINDA 2340V,MMOD17,M DISC GRINDA M2340V,MODERN,PCS,GMM,254600.0,
271,GRINDA M2350B,MMOD18,MESIN GRINDA M2350B,MODERN,PCS,GMM,241893.75,
272,GRINDWD 4,MWDX03,"GRINDING WHEEL 4""(BATU SLEP) CUTTING SLEP",WD,PCS,WDS,4976.68,
273,GRISCO BESI,MISC04,GEROBAK BESI ISCO 10 KG (TIPIS),ISCO,SET,STD,210000.0,
274,GRISCO BS TBL,MISC05,"GEROBAK BESI ISCO TEBAL (14,5KG)",ISCO,PCS,STD,335000.0,
275,GRISCO PVC,MISC06,GEROBAK PVC ISCO,ISCO,PCS,STD,325000.0,
276,GUN SS,MXXX23,TEMBAKAN LEM SOSIS,,PCS,HF,90000.0,
277,HA BK 4,MTOK04,HAK BUKA NO.4 TOKIO,TOKIO,BOX,NAS,12500.0,
278,HA ULIR,MGOM38,HAK ANGIN ULIR  BESI GOMEO,GOMEO,LSN,NIB,20500.0,
279,HAND BLW IWA,MXXX24,ELECTRIC HAND BLOWER IWA,,PCS,SMT,140000.0,
280,HSSC18,MISC07,HAND SHOWER ISCO SC-18,ISCO,SET,STD,33500.0,
281,HSSC22,MISC08,HAND SHOWER ISCO SC-22,ISCO,PCS,STD,28500.0,
282,HSSC23,MISC09,HAND SHOWER + FILTER ISCO SC-23,ISCO,PCS,STD,35000.0,
283,HSSC24,MISC10,HAND SHOWER ISCO SC-24,ISCO,PCS,STD,29500.0,
284,HSSC27,MISC11,HAND SHOWER ISCO SC-27,ISCO,SET,STD,30000.0,
285,HT 10 TK,MTOK05,SKRUP MATA TUTUP / HAK TUTUP 10 TOKIO,TOKIO,GR ,NAS,25000.0,
286,HT 2 TK,MTOK06,SKRUP MATA TUTUP / HAK TUTUP 2 TOKIO,TOKIO,GR ,NAS,6750.0,
287,HT 3 TK,MTOK07,SKRUP MATA TUTUP / HAK TUTUP 3 TOKIO,TOKIO,GR ,NAS,7750.0,
288,HT 8 TK,MTOK08,SKRUP MATA TUTUP / HAK TUTUP 8 TOKIO,TOKIO,GR ,NAS,17500.0,
289,IS HTM,MSAN01,ISOLASI LISTRIK HITAM SAN EI,SAN EI,PCS,STD,8800.0,
290,IS ISCO,MISC12,ISOLASI NATIONAL ISCO,ISCO,PCS,STD,3300.0,
291,JIGSAW M2200,MMOD19,MESIN JIG SAW M-2200 MODERN,MODERN,PCS,MT,229900.0,
292,JS CHR,MSKL01,JET SHOWER CHROME SKL,SKL,PCS,SDL,28627.7,
293,JS CHR SC61,MISC13,JET SHOWER BULAT CHROME SC-61,ISCO,PCS,STD,30500.0,
294,JS PTH SC60,MISC14,JET SHOWER BULAT PUTIH SC-60,ISCO,PCS,STD,28500.0,
295,JS SC30,MISC15,JET SHOWER SET SC-30 PUTIH ISCO,ISCO,PCS,STD,26000.0,
296,KC KCL CLS,MCLA02,KUNCI KECIL CLASSIC SN/CP,CLASSIC,SET,HSJ,36190.0,
297,KC KPL BOR BC,MTOK09,KUNCI KEPALA BOR BC,TOKIO,PCS,NAS,4000.0,
298,KC L HS BOX,MHIO61,KUNCI L CRV LONG (BOX) HIOSHI,HIOSHI,SET,KBB,55936.0,
299,KC L SET HS,MHIO62,KUNCI L SET 10 PC HTM HIOSHI,HIOSHI,SET,KBB,8358.0,
300,KC L SET PTH,MHIO63,KUNCI L SET 10 PC PTH HIOSHI,HIOSHI,SET,KBB,9109.61,
301,KC PAS 12X13,MDIA02,KUNCI PAS 12 X 13 DIAMOND,DIAMOND,PCS,GSS,2300.0,
302,KC RG PAS 10 HS,MHAS16,"KUNCI RING PAS 10"" HASSTON",HASSTON,PCS,CPI,8150.0,
303,KC RG PAS 12 HS,MHAS17,"KUNCI RING PAS 12"" HASSTON",HASSTON,PCS,CPI,9600.0,
304,KC RG PAS 14 HS,MHAS18,"KUNCI RING PAS 14"" HASSTON",HASSTON,PCS,CPI,11800.0,
305,KC RG PAS 17 HS,MHAS19,"KUNCI RING PAS 17"" HASSTON",HASSTON,PCS,CPI,19400.0,
306,KC RG PAS 19 HS,MHAS20,"KUNCI RING PAS 19"" HASSTON",HASSTON,PCS,CPI,20650.0,
307,KC RG PAS 22 HS,MHAS21,"KUNCI RING PAS 22"" HASSTON",HASSTON,PCS,CPI,30250.0,
308,KC RG SET 6,MDIA03,KUNCI RING SET 6-22 DIAMOND,DIAMOND,SET,GSS,48000.0,
309,KC RP SET,MDIA04,KUNCI RING PAS SET 8-22 DIAMOND,DIAMOND,SET,GSS,45000.0,
310,KC SOK RF HS,MHAS22,KUNCI SOCK ROFING HASSTON,HASSTON,SET,CPI,38060.0,
311,KC SOK T10,MHIO64,KUNCI SOK T10 MM,HIOSHI,PCS,KBB,13117.84,
312,KC SOK T12,MHIO65,KUNCI SOK T12 MM,HIOSHI,PCS,KBB,13117.84,
313,KC SOK T8,MHIO66,KUNCI SOK T8 MM,HIOSHI,PCS,KBB,13117.83,
314,KC SOK T9,MHIO67,KUNCI SOK T9 MM,HIOSHI,PCS,KBB,13117.84,
315,KC TGG VRDS BLK,MVER01,KUNCI TANGGUNG VERDASCE BLACK GOLD,VERDASCE,SET,SMSL,84787.5,
316,KC Y 10X11X13,MHIO68,KUNCI SOK Y 10 X 11 X 13,HIOSHI,PCS,KBB,12389.0,
317,KC Y 10X12X14,MHIO69,KUNCI SOK Y 10 X 12 X 14,HIOSHI,PCS,KBB,12389.0,
318,KC Y 12X14X17,MHIO70,KUNCI SOK Y 12 X 14 X 17,HIOSHI,PCS,KBB,14211.21,
319,KC Y 8X10X12,MHIO71,KUNCI SOK Y 8 X 10 X 12,HIOSHI,PCS,KBB,11295.87,
320,KC Y 8X9X10,MHIO72,KUNCI SOK Y 8 X 9 X 10,HIOSHI,PCS,KBB,11295.92,
321,KCPP KRT 10,MHIO73,KUNCI PIPA PRO KARET 10' HIOSHI,HIOSHI,PCS,KBB,40080.93,
322,KCPP KRT 12,MHIO74,KUNCI PIPA PRO KARET 12' HIOSHI,HIOSHI,PCS,KBB,42750.0,
323,KCPP KRT 14,MHIO75,KUNCI PIPA PRO KARET 14' HIOSHI,HIOSHI,PCS,KBB,55218.75,
324,KCPP KRT 18,MHIO76,KUNCI PIPA PRO KARET 18' HIOSHI,HIOSHI,PCS,KBB,76518.46,
325,KCPP KRT 24,MHIO77,KUNCI PIPA PRO KARET 24' HIOSHI,HIOSHI,PCS,KBB,109319.83,
326,KCPP KRT 36,MHIO78,KUNCI PIPA PRO KARET 36' HIOSHI,HIOSHI,PCS,KBB,218631.58,
327,KCPP KRT 8,MHIO79,KUNCI PIPA PRO KARET 8' HIOSHI,HIOSHI,PCS,KBB,32795.05,
328,KE PAS 8,MHIO80,KUNCI ECO PAS 8 PC (6-22) HIOSHI,HIOSHI,PCS,KBB,78731.25,
329,KKR BLT,MORE01,KIKIR BULAT,OREGON,LSN,GSS,52500.0,
330,KKR GRT 4,MGRT07,KIKIR GRT 4',GRT,LSN,SMSL,54625.0,
331,KKR GRT 5,MGRT08,KIKIR GRT 5',GRT,LSN,SMSL,71250.0,
332,KP ECO 10X11,MHIO81,KUNCI PAS ECO 10 X 11 HIOSHI,HIOSHI,PCS,KBB,6555.0,
333,KP ECO 10X12,MHIO82,KUNCI PAS ECO 10 X 12 HIOSHI,HIOSHI,PCS,KBB,5492.19,
334,KP ECO 12X13,MHIO83,KUNCI PAS ECO 12 X 13 HIOSHI,HIOSHI,PCS,KBB,7374.37,
335,KP ECO 14X15,MHIO84,KUNCI PAS ECO 14 X 15 HIOSHI,HIOSHI,PCS,KBB,8093.75,
336,KP ECO 16X17,MHIO85,KUNCI PAS ECO 16 X 17 HIOSHI,HIOSHI,PCS,KBB,10175.0,
337,KP ECO 18X19,MHIO86,KUNCI PAS ECO 18 X 19 HIOSHI,HIOSHI,PCS,KBB,10868.75,
338,KP ECO 19X21,MHIO87,KUNCI PAS ECO 19 X 21 HIOSHI,HIOSHI,PCS,KBB,10545.0,
339,KP ECO 24X27,MHIO88,KUNCI PAS ECO 24 X 27 HIOSHI,HIOSHI,PCS,KBB,17575.0,
340,KP ECO 8X10,MHIO89,KUNCI PAS ECO 8 X 10 HIOSHI,HIOSHI,PCS,KBB,5052.81,
341,KP ECO 8X9,MHIO90,KUNCI PAS ECO 8 X 9 HIOSHI,HIOSHI,PCS,KBB,5318.75,
342,KP GM 9001-1,MGOM39,KUNCI PINTU GOMEO 9001-1,GOMEO,PCS,NIB,115000.0,
343,KP GM 9001-2,MGOM40,KUNCI PINTU GOMEO 9001-2,GOMEO,PCS,NIB,115000.0,
344,KP GM 9002-1,MGOM41,KUNCI PINTU GOMEO 9002-1,GOMEO,PCS,NIB,107500.0,
345,KP GM 9002-2,MGOM42,KUNCI PINTU GOMEO 9002-2,GOMEO,PCS,NIB,107500.0,
346,KP GM 9009-1,MGOM43,KUNCI PINTU GOMEO 9009-1,GOMEO,PCS,NIB,102500.0,
347,KP GM 9009-2,MGOM44,KUNCI PINTU GOMEO 9009-2,GOMEO,PCS,NIB,102500.0,
348,KP GM 9010-2,MGOM45,KUNCI PINTU GOMEO 9010-2,GOMEO,PCS,NIB,97500.0,
349,KP GM 9011-1,MGOM46,KUNCI PINTU GOMEO 9011-1,GOMEO,PCS,NIB,102500.0,
350,KP GM 9011-2,MGOM47,KUNCI PINTU GOMEO 9011-2,GOMEO,PCS,NIB,102500.0,
351,KP GM 9012-1,MGOM48,KUNCI PINTU GOMEO 9012-1,GOMEO,PCS,NIB,115000.0,
352,KP GM 9012-2,MGOM49,KUNCI PINTU GOMEO 9012-2,GOMEO,PCS,NIB,125000.0,
353,KP GM 9501 GY,MGOM50,KUNCI PINTU GOMEO 9501 GY,GOMEO,PCS,NIB,107500.0,
354,KP GM 9502 GY,MGOM51,KUNCI PINTU GOMEO 9502 GY,GOMEO,PCS,NIB,107500.0,
355,KP KT BLK ISCO,MISC16,KUNCI PINTU KOTAK BLACK BM02 ISCO,ISCO,PCS,STD,35000.0,
356,KP SATIN 12X14,MHIO91,KUNCI PAS SATIN 12 X 14 HIOSHI,HIOSHI,PCS,KBB,6590.63,
357,KP SATIN 14X17,MHIO92,KUNCI PAS SATIN 14 X 17 HIOSHI,HIOSHI,PCS,KBB,7689.06,
358,KP SATIN 17X19,MHIO93,KUNCI PAS SATIN 17 X 19 HIOSHI,HIOSHI,PCS,KBB,10325.31,
359,KP SATIN 22X24,MHIO94,KUNCI PAS SATIN 22 X 24 HIOSHI,HIOSHI,PCS,KBB,16625.0,
360,KP TGG GM 8301-1,MGOM52,KUNCI TGG GOMEO 8301-1,GOMEO,PCS,NIB,92500.0,
361,KP TGG GM 8301-2,MGOM53,KUNCI TGG GOMEO 8301-2,GOMEO,PCS,NIB,90000.0,
362,KP TGG GM 8301-3,MGOM54,KUNCI TGG GOMEO 8301-3,GOMEO,PCS,NIB,82500.0,
363,KP TGG GM 8302-1,MGOM55,KUNCI TGG GOMEO 8302-1,GOMEO,PCS,NIB,105000.0,
364,KP TGG GM 8302-2,MGOM56,KUNCI TGG GOMEO 8302-2,GOMEO,PCS,NIB,90000.0,
365,KP TGG GM 8302-3,MGOM57,KUNCI TGG GOMEO 8302-3,GOMEO,PCS,NIB,82500.0,
366,KP TGG GM 8309-1,MGOM58,KUNCI TGG GOMEO 8309-1,GOMEO,PCS,NIB,85000.0,
367,KP TGG GM 8309-2,MGOM59,KUNCI TGG GOMEO 8309-2,GOMEO,PCS,NIB,87500.0,
368,KP TGG GM 8311-1,MGOM60,KUNCI TGG GOMEO 8311-1,GOMEO,PCS,NIB,85000.0,
369,KP TGG GM 8311-2,MGOM61,KUNCI TGG GOMEO 8311-2,GOMEO,PCS,NIB,85000.0,
370,KP TGG GM 8312-1,MGOM62,KUNCI TGG GOMEO 8312-1,GOMEO,PCS,NIB,105000.0,
371,KP TGG GM 8312-2,MGOM63,KUNCI TGG GOMEO 8312-2,GOMEO,PCS,NIB,90000.0,
372,KP TGG GM 8501 GY,MGOM64,KUNCI TGG GOMEO 8501 GY,GOMEO,PCS,NIB,87500.0,
373,KP TGG GM 8502 GY,MGOM65,KUNCI TGG GOMEO 8502 GY,GOMEO,PCS,NIB,87500.0,
374,KP TGG GM SS868,MGOM66,KUNCI TGG GOMEO SS 868,GOMEO,PCS,NIB,75000.0,
375,KP TGG GRT888,MGRT09,KUNCI PINTU TGG GRT 888 (GP),GRT,SET,SMSL,54625.0,
376,KP TGG GRT999,MGRT10,KUNCI PINTU TGG GRT 999 (GP),GRT,SET,SMSL,54625.0,
377,KP TGG MU-04,MISC17,KUNCI PINTU TGG MU-04 ISCO,ISCO,PCS,STD,43000.0,
378,KP TGG MU-06,MISC18,KUNCI PINTU TGG MU-06 ISCO,ISCO,PCS,STD,39500.0,
379,KP TGG PROF601,MPRO02,KUNCI TANGGUNG PROFIX 601-2,PROFIX,PCS,NIB,45000.0,
380,KP TGG PROF602,MPRO03,KUNCI TANGGUNG PROFIX 602-2,PROFIX,PCS,NIB,51500.0,
381,KP TGG PROF603,MPRO04,KUNCI TANGGUNG PROFIX 603-2,PROFIX,LSN,NIB,51500.0,
382,KP TGG PROF603-1,MPRO05,KUNCI TANGGUNG PROFIX 603-1,PROFIX,PCS,NIB,50000.0,
383,KP TGG PROF605,MPRO06,KUNCI TANGGUNG PROFIX 605-2,PROFIX,PCS,NIB,60000.0,
384,KR 1/2 HD,MHIO95,KRAN PLASTIK HD 1/2,HIOSHI,LSN,KBB,92500.0,
385,KR ANG FL,MSKL02,KRAN ANGSA FLEXIBEL SKL,SKL,PCS,SDL,68364.32,
386,KR ANG FLUL,MSKL03,KRAN ANGSA FLEXIBEL ULIR SKL,SKL,PCS,SDL,68364.32,
387,KR ANGEXE01,MEXE01,KRAN ANGSA FLEXIBLE 977 EXECUTIVE 1/2,EXECUTIVE,PCS,BI,74272.8,
388,KR ANGPT01,MEXE02,KRAN ANGSA PATEN 976 EXECUTIVE 1/2,EXECUTIVE,PCS,BI,33636.41,
389,KR ANGPVC ISCO,MISC19,KRAN ANGSA PVC ISCO,ISCO,PCS,STD,17000.0,
390,KR CBNG WD1039,MISC20,KRAN DOUBLE BALING WD1039 / KRAN CABANG ISCO,ISCO,PCS,STD,32500.0,
391,KR CBNG WD1131,MISC21,KRAN DOUBLE ENGKOL WD1131 / KRAN CABANG ISCO,ISCO,PCS,STD,26000.0,
392,KR CBNG WD1135,MISC22,KRAN DOUBLE ENGKOL WD1135 / KRAN CABANG ISCO,ISCO,PCS,STD,31500.0,
393,KR CBNG WD1139,MISC23,KRAN DOUBLE BALING WD1139 / KRAN CABANG ISCO,ISCO,PCS,STD,27500.0,
394,KR CBNG WD201,MISC24,KRAN CABANG/DOUBLE ISCO S/S WD 201,ISCO,PCS,STD,28500.0,
395,KR ECO 10X11,MHIO96,KUNCI RING ECO 10 X 11 HIOSHI,HIOSHI,PCS,KBB,7210.5,
396,KR ECO 10X12,MHIO97,KUNCI RING ECO 10 X 12 HIOSHI,HIOSHI,PCS,KBB,6810.31,
397,KR ECO 12X13,MHIO98,KUNCI RING ECO 12 X 13 HIOSHI,HIOSHI,PCS,KBB,8685.5,
398,KR ECO 14X15,MHIO99,KUNCI RING ECO 14 X 15 HIOSHI,HIOSHI,PCS,KBB,9943.75,
399,KR ECO 16X17,MHIO100,KUNCI RING ECO 16 X 17 HIOSHI,HIOSHI,PCS,KBB,11562.5,
400,KR ECO 17X19,MHIO101,KUNCI RING ECO 17 X 19 HIOSHI,HIOSHI,PCS,KBB,12082.81,
401,KR ECO 18X19,MHIO102,KUNCI RING ECO 18 X 19 HIOSHI,HIOSHI,PCS,KBB,14748.75,
402,KR ECO 20X22,MHIO103,KUNCI RING ECO 20 X 22 HIOSHI,HIOSHI,PCS,KBB,19656.25,
403,KR ECO 22X24,MHIO104,KUNCI RING ECO 22 X 24 HIOSHI,HIOSHI,PCS,KBB,23750.0,
404,KR ECO 24X27,MHIO105,KUNCI RING ECO 24 X 27 HIOSHI,HIOSHI,PCS,KBB,27750.0,
405,KR ECO 30X32,MHIO106,KUNCI RING ECO 30 X 32 HIOSHI,HIOSHI,PCS,KBB,39312.5,
406,KR ECO 8,MHIO107,KUNCI ECO RING 8 PC (6-22) HIOSHI,HIOSHI,PCS,KBB,92625.0,
407,KR ECO 8X10,MHIO108,KUNCI RING ECO 8 X 10 HIOSHI,HIOSHI,PCS,KBB,5931.56,
408,KR ECO 8X9,MHIO109,KUNCI RING ECO 8 X 9 HIOSHI,HIOSHI,PCS,KBB,6012.5,
409,KR ECO PAS 8,MHIO110,KUNCI ECO RING PAS 8 PC (8-24) HIOSHI,HIOSHI,SET,KBB,98325.0,
410,KR FLEX WF2035,MISC25,KRAN ANGSA FLEXIBEL MEJA WF2035 ISCO,ISCO,PCS,STD,50000.0,
411,KR FLEX WF2037,MISC26,KRAN ANGSA FLEXIBLE WF2037 ISCO,ISCO,PCS,STD,40000.0,
412,KR FLEX WF501,MISC27,KRAN ANGSA FLEXIBLE S/S ISCO WF501,ISCO,PCS,STD,75000.0,
413,KR HK 1/2 HS,MHIO111,KRAN PVC 1/2 HK HIOSHI,HIOSHI,LSN,KBB,110124.0,
414,KR INJAK,MHIO112,KRAN INJAK PEDAL BULAT / PJG,HIOSHI,PCS,KBB,210000.0,
415,KR MJ WF5020,MISC28,KRAN MEJA FLEXIBLE WARNA WF5020 ISCO,ISCO,PCS,STD,65000.0,
416,KR PD WHC6701,MISC29,KRAN PANAS DINGIN WHC6701 ISCO,ISCO,PCS,STD,140000.0,
417,KR PVC 1/2,MHIO113,KRAN PVC 1/2' (TEMBOK),HIOSHI,LSN,KBB,109250.0,
418,KR PVC 3/4,MHIO114,KRAN PVC 3/4' (TEMBOK),HIOSHI,LSN,KBB,114000.0,
419,KR SATIN 14X17,MHIO115,KUNCI RING SATIN 14 X 17 HIOSHI,HIOSHI,PCS,KBB,9885.94,
420,KR SATIN 19X21,MHIO116,KUNCI RING SATIN 19 X 21 HIOSHI,HIOSHI,PCS,KBB,17575.0,
421,KR SATIN 21X23,MHIO117,KUNCI RING SATIN 21 X 23 HIOSHI,HIOSHI,PCS,KBB,21375.0,
422,KR SATIN 30X32,MHIO118,KUNCI RING SATIN 30 X 32 HIOSHI,HIOSHI,PCS,KBB,40375.0,
423,KR SH WSL1001,MISC30,KRAN SHOWER A WSL 1001,ISCO,PCS,STD,11000.0,
424,KR SH WST2001,MISC31,KRAN SHOWER ISCO WST2001,ISCO,PCS,STD,13000.0,
425,KR SH01,MEXE03,KRAN SHOWER A 1/2 946 EXECUTIVE,EXECUTIVE,PCS,BI,19090.91,
426,KR SUMUR HJ,MHIO119,KEREKAN SUMUR ECO (HIJAU) HKS002,HIOSHI,PCS,KBB,15732.0,
427,KR TB01,MEXE04,KRAN TEMBOK 1/2 927 EXECUTIVE,EXECUTIVE,PCS,BI,20454.55,
428,KR TB02,MEXE05,KRAN TEMBOK 3/4 927 EXECUTIVE,EXECUTIVE,PCS,BI,20909.09,
429,KR TGK WT1039,MISC32,KRAN CHROME BALING WT1039 / KRAN TEMBOK,ISCO,PCS,STD,20000.0,
430,KR TMN 1/2 YS,MYUS04,KRAN TAMAN PVC 1/2 8005 YUSTAR,YUSTAR,LSN,HHH,32307.6,
431,KR TMN 1/2 YS 9005,MYUS05,KRAN TAMAN PVC 1/2 9005 YUSTAR,YUSTAR,LSN,HHH,32307.6,
432,KR TMN 206,MISC33,KRAN TAMAN TRANSPARANT 206 ISCO,ISCO,LSN,STD,45000.0,
433,KR TMN ABS 1/2,MISC34,"KRAN TAMAN ABS WARNA 1/2"" ISCO",ISCO,PCS,STD,8750.0,
434,KR TMN ABS 3/4,MISC35,"KRAN TAMAN ABS WARNA 3/4"" ISCO",ISCO,PCS,STD,9750.0,
435,KR TMN GRT,MGRT11,KRAN TAMAN TRANSPARANT GRT TWO WAY,GRT,LSN,SMS,42300.0,
436,KR TMN KNG 3/4,MNIC01,KRAN TAMAN KUNINGAN PANJANG 3/4,NICHIE,PCS,NAS,25000.0,
437,KR TMN WT101,MISC36,KRAN TAMAN / KRAN TEMBOK WT101 SS304 ISCO,ISCO,PCS,STD,19000.0,
438,KR WT933,MEXE06,KRAN WASTAFEL 933 EXECUTIVE,EXECUTIVE,PCS,BI,31454.54,
439,KR WTIGM IK050,MIGM08,KRAN WASTAFEL ABS IGM IK-050,IGM,PCS,HIK,14090.91,
440,KRP ECO 10,MHIO120,KUNCI RING PAS ECO 10 MM HIOSHI,HIOSHI,PCS,KBB,6555.0,
441,KRP ECO 12,MHIO121,KUNCI RING PAS ECO 12 MM HIOSHI,HIOSHI,PCS,KBB,7866.0,
442,KRP ECO 14,MHIO122,KUNCI RING PAS ECO 14 MM HIOSHI,HIOSHI,PCS,KBB,9177.0,
443,KRP ECO 17,MHIO123,KUNCI RING PAS ECO 17 MM HIOSHI,HIOSHI,PCS,KBB,12290.15,
444,KRP ECO 19,MHIO124,KUNCI RING PAS ECO 19 MM HIOSHI,HIOSHI,PCS,KBB,13929.37,
445,KRP ECO 22,MHIO125,KUNCI RING PAS ECO 22 MM HIOSHI,HIOSHI,PCS,KBB,16187.5,
446,KRP ECO 24,MHIO126,KUNCI RING PAS ECO 24 MM HIOSHI,HIOSHI,PCS,KBB,20812.5,
447,KRP ECO 8,MHIO127,KUNCI RING PAS ECO 8 MM HIOSHI,HIOSHI,PCS,KBB,5899.5,
448,KRP SATIN 22,MHIO128,KUNCI RING PAS SATIN 22 MM HIOSHI,HIOSHI,PCS,KBB,16187.5,
449,KRTMN 1/2 8005,MISC37,KRAN TAMAN ABS 1/2 SS 8005,ISCO,LSN,STD,33500.0,
450,KRTMN 1/2 8117,MISC38,KRAN TAMAN ABS 1/2 SS 8117 ISCO,ISCO,PCS,STD,9500.0,
451,KRTMN 3/4 8005,MISC39,KRAN TAMAN ABS 3/4 SS 8005,ISCO,LSN,STD,36000.0,
452,KRTMN OWN,MOWN01,KRAN PVC TAMAN OWNER TOPI,OWNER,LSN,STS,50473.5,
453,KS BLT 10,MISC40,KAPASITOR BULAT 10UF ISCO,ISCO,PCS,STD,10250.0,
454,KS BLT 12,MISC41,KAPASITOR BULAT 12UF ISCO,ISCO,PCS,STD,11300.0,
455,KS BLT 16,MISC42,KAPASITOR BULAT 16UF ISCO,ISCO,PCS,STD,15100.0,
456,KS BLT 8,MISC43,KAPASITOR BULAT 8UF ISCO,ISCO,PCS,STD,9880.0,
457,KUAS 1,MGRT12,"KUAS CAT 1"" 633",GRT,LSN,SMSL,10750.0,
458,KUAS 1 HMV,MHMV01,"KUAS CAT PUTIH 1"" HMV",HMV,LSN,NIB,11160.0,
459,KUAS 1 LEON,MLEO01,"KUAS CAT PUTIH 1"" LEON",LEON,LSN,NIB,9500.0,
460,KUAS 1.5,MGRT13,"KUAS CAT 1.5"" 633",GRT,LSN,SMSL,16125.0,
461,KUAS 1.5 HMV,MHUM01,"KUAS CAT PUTIH 1,5"" HMV",HUMVEE,LSN,NIB,16740.0,
462,KUAS 1.5 LEON,MLEO02,"KUAS CAT PUTIH 1,5"" LEON",LEON,LSN,NIB,14250.0,
463,KUAS 2,MGRT14,"KUAS CAT 2"" 633",GRT,LSN,SMSL,21500.0,
464,KUAS 2 LEON,MLEO03,"KUAS CAT PUTIH 2"" LEON",LEON,LSN,NIB,21000.0,
465,KUAS 2.5,MGRT15,"KUAS CAT 2.5"" 633",GRT,LSN,SMSL,26875.0,
466,KUAS 2.5 HMV,MHUM02,"KUAS CAT PUTIH 2,5"" HMV",HUMVEE,LSN,NIB,27900.0,
467,KUAS 2.5 PRO,MPRO07,"KUAS CAT 2.5"" PROFIX",PROFIX,LSN,NIB,26250.0,
468,KUAS 3,MGRT16,"KUAS CAT 3"" 633",GRT,LSN,SMSL,32250.0,
469,KUAS 3 LEON,MLEO04,"KUAS CAT PUTIH 3"" LEON",LEON,LSN,NIB,31500.0,
470,KUAS 3 PRO,MPRO08,"KUAS CAT 3"" PROFIX",PROFIX,LSN,NIB,31500.0,
471,KUAS 4,MPRO09,"KUAS CAT 4"" 633",PROFIX,LSN,NIB,40000.0,
472,KUAS 4 HMV,MHUM03,"KUAS CAT PUTIH 4"" HMV",HUMVEE,LSN,NIB,40500.0,
473,KUAS 5,MPRO10,"KUAS CAT 5"" 633",PROFIX,LSN,NIB,51000.0,
474,KUAS 5 HMV,MHUM04,"KUAS CAT PUTIH 5"" HMV",HUMVEE,LSN,NIB,50000.0,
475,KUAS 5 LEON,MLEO05,"KUAS CAT PUTIH 5"" LEON",LEON,LSN,NIB,57500.0,
476,KUAS R 9,MLEO06,"KUAS ROLL LEON 9""",LEON,LSN,NIB,80000.0,
477,KUAS R GRT,MGRT17,"KUAS ROLL GRT 9""",GRT,LSN,SMSL,183300.0,
478,KUAS R HD4,MHIO129,KUAS ROLL KAPAL HD4 HIOSHI,HIOSHI,LSN,KBB,118750.0,
479,KUAS R KPL,MXXX25,KUAS ROLL KAPAL,,LSN,HHH,38500.0,
480,KUAS R PRO9,MHIO130,KUAS ROLL PRO 9 HIOSHI,HIOSI,PCS,KBB,25175.0,
481,KUAS R STL,MSTA01,KUAS ROLL STALLION 9',STALLION,LSN,MSM,53000.0,
483,KWL1/2PVC BL,MBLA01,KAWAT LOKET 1/2 PVC BLANKE,BLANKE,ROL,KA,63000.0,
484,KWL1/2PVC HMI,MHMI01,KAWAT LOKET 1/2 PVC HMI,HMI,ROL,NIB,47000.0,
485,KWL1/2PVC NI,MRBX01,KAWAT LOKET 1/2 PVC R2B,R2B,ROL,NIB,62273.0,
486,KWL1/4PVC BL,MBLA02,KAWAT LOKET 1/4 PVC BLANKE,BLANKE,ROL,KA,75000.0,
487,KWT SL GALV 6,MXXX26,KAWAT SELING GALVANIS 6 MM,,ROL,SJTS,4400000.0,
488,LAKER AR,MART04,LAKER ARTCO,ARTCO,PCS,NIB,6400.0,
489,LAKER TK,MTOK10,LAKER TOKIO,TOKIO,PCS,NAS,3500.0,
490,LEM 5MNT HD,MHAN01,LEM 5 MENIT HANDSOME,HANDSOME,PCS,HF,5250.0,
491,LEM FOX 400,MFOX01,LEM FOX 400 GR,FOX,PCS,RS,7276.1,
492,LEM FOX 700,MFOX02,LEM FOX 700 GR,FOX,PCS,RS,14339.9,
493,LEM GLAZ BL,MXXX27,GLAZING MP BLACK (LEM BOTOL) 260ML,,BTL,IKA,25500.0,
494,LEM GLAZ WH,MXXX28,GLAZING MP WHITE (LEM BOTOL) 260ML,,BTL,IKA,25500.0,
495,LEM ISR 40,MISA01,LEM ISARPLAST TUBE 40 GR,ISARPLAST,PCS,RS,5720.0,
496,LEM KC HAND,MHAN02,LEM SEALANT BESAR HANDSOME,HANDSOME,PCS,HF,102500.0,
497,LEM KY,MQBO01,LEM KAYU PUTIH Q BOND 350 GR,Q BOND,PCS,KLI,9600.0,
498,LEM KY 203A,MQBO02,LEM KAYU PUTIH Q BOND 700 GR 203A,QBOND,PCS,KLI,15504.0,
499,LEM NIPLST,MNIP01,LEM NIPPONPLAST,NIPPONPLAST,PCS,NIB,3200.0,
500,LEM PRL KLNG,MQPL01,LEM PRALON KALENG Q PLAST 24 X 400 GR,QPLAST,KLG,KLI,34600.0,
501,LEM PRL KLNG K,MQPL02,LEM PRALON KALENG Q PLAST 36 X 100 GR,QPLAST,KLG,KLI,12000.0,
502,LEM PRL TUBE,MQPL03,LEM PRALON TUBE Q PLAST,QPLAST,PCS,KLI,5145.0,
503,LEM PTH YZR,MYOZ03,LEM BOTOL SEALANT PUTIH YZR,YOZURI,PCS,STS,20425.0,
504,LEM PUR500,MQBO03,LEM KAYU PUTIH Q BOND PUR 24 X 500,QBOND,KLG,KLI,48000.0,
505,LEM PVC 100,MFOX03,LEM PVC PLAS 100 GR (FOX),FOX,KLG,RS,12432.0,
506,LEM QBOND KLNG,MXXX29,LEM Q BOND KALENG,,KLG,KLI,6900.0,
507,LEM QBOND700,MQBO04,LEM KAYU PUTIH Q BOND 700 GR,Q BOND,PCS,KLI,17000.0,
508,LEM QBOND750,MOBO01,LEM KAYU PUTIH Q BOND 750 GR,O BOND,PCS,KLI,17000.0,
509,LEM SIL ODBL,MONE02,LEM SILICONE ONE DROP BLACK / HITAM,ONE DROP,PCS,NIB,17500.0,
510,LEM SIL ODCL,MONE03,LEM SILICONE ONE DROP CLEAR,ONE DROP,PCS,NIB,17500.0,
511,LEM SIL ODWHT,MONE04,LEM SILICONE ONE DROP PUTIH,ONE DROP,PCS,NIB,17500.0,
512,LEM SS BC,MHAN03,LEM SOSIS BLACK,HANDSOME,PCS,HF,25750.0,
513,LEM SS BC IS,MISC44,LEM SOSIS BLACK ISCO,ISCO,PCS,STD,24500.0,
514,LEM SS CLR,MISC45,LEM SOSIS CLEAR ISCO,ISCO,PCS,STD,28900.0,
515,LEM SS WH,MHAN04,LEM SOSIS WHITE,HANDSOME,PCS,HF,27000.0,
516,LEM SS WH IS,MISC46,LEM SOSIS WHITE ISCO,ISCO,PCS,STD,25750.0,
517,LEM TKS,MXXX30,LEM TIKUS 75 GR,,PCS,RS,8607.0,
518,LK BNG 72,MXXX31,LAKBAN BENING 72 Y,,ROL,NSP,3900.0,
519,LK BNG 90,MNIH01,LAKBAN BENING 90 Y,NIHON,ROL,NSP,6500.0,
520,LK BNG DCH,MDAI01,LAKBAN BENING DAICHI,DAICHI,ROL,NSP,8635.0,
521,LK CKLT 90,MNIH02,LAKBAN COKLAT 90 Y,NIHON,ROL,NSP,6500.0,
522,M JENSET,MXXX32,MESIN JENSET,,PCS,BIM,16000000.0,
523,M SIM100B,MMOD20,"MESIN DISC GRINDA 4"" SIM100B MODERN",MODERN,PCS,GMM,225625.0,
524,M0600B,MMAK01,MESIN M0600B MAKITA MT,MAKITA MT,PCS,IKK,337000.0,
525,M0801B,MMAK02,MESIN M0801B MAKITA MT,MAKITA MT,PCS,IKK,532455.0,
526,M0900B,MMAK03,MESIN M0900B MAKITA MT,MAKITA MT,PCS,IKK,359999.65,
527,M0910B,MMAK04,MESIN M0910B MAKITA MT,MAKITA MT,PCS,IKK,441750.0,
528,M1902B,MMAK05,MESIN M1902B MAKITA MT,MAKITA MT,PCS,IKK,798000.0,
529,M2130B,MMOD21,MESIN ELECTRIC DRILL M-2130B 13 MM MODERN,MODERN,PCS,GMM,285665.0,
530,M2150,MMOD22,MESIN BOR M2150 13MM,MODERN,PCS,GMM,304000.0,
531,M2360B,MMOD23,"MESIN GRINDA M2360B (4"")",MODERN,PCS,MT,236906.25,
532,M2500B,MMOD24,MESIN AMPLAS M2500B,MODERN,PCS,GMM,285665.0,
533,M2700 KPR,MMOD25,MESIN PROFILE M2700 KOPER,MODERN,PCS,GMM,313310.0,
534,M2750,MMOD26,MESIN PROFIL M2750,MODERN,PCS,MT,299250.0,
535,M2900,MMOD27,MESIN ELECTRIC PLANNER M-2900 MODERN,MODERN,PCS,GMM,349275.33,
536,M3700B,MMOD28,"MESIN MITTER SAW 7"" M3700B",MODERN,PCS,GMM,731500.0,
537,MB BTN10,MXXX33,MATA BOR BETON 10,,PCS,BI,4818.18,
538,MB BTN12,MXXX34,MATA BOR BETON 12,,PCS,BI,7363.650000000000,
539,MB BTN4,MXXX35,MATA BOR BETON 4,,PCS,BI,1764.64,
540,MB BTN6,MXXX36,MATA BOR BETON 6,,PCS,BI,2645.26,
541,MB BTN8,MXXX37,MATA BOR BETON 8,,PCS,BI,3854.0,
542,MB KNG1,MXXX38,MATA BOR KUNING 1',,PCS,BI,0.0,
543,"MB KNG1,5",MXXX39,"MATA BOR KUNING 1,5'",,PCS,BI,0.0,
544,MB KNG10,MXXX40,MATA BOR KUNING 10',,PCS,BI,8300.0,
545,MB KNG11,MXXX41,MATA BOR KUNING 11',,PCS,BI,8142.76,
546,MB KNG12,MXXX42,MATA BOR KUNING 12',,PCS,BI,8921.78,
547,MB KNG2,MXXX43,MATA BOR KUNING 2',,PCS,BI,830.0,
548,"MB KNG2,5",MXXX44,"MATA BOR KUNING 2,5'",,PCS,BI,684.0,
549,MB KNG3,MXXX45,MATA BOR KUNING 3',,PCS,BI,954.0,
550,"MB KNG3,5",MXXX46,"MATA BOR KUNING 3,5'",,PCS,BI,1365.0,
551,MB KNG4,MXXX47,MATA BOR KUNING 4',,PCS,BI,1398.18,
552,"MB KNG4,5",MXXX48,"MATA BOR KUNING 4,5'",,PCS,BI,1430.0,
553,MB KNG5,MXXX49,MATA BOR KUNING 5',,PCS,BI,1695.47,
554,"MB KNG5,5",MXXX50,"MATA BOR KUNING 5,5'",,PCS,BI,1748.18,
555,MB KNG6,MXXX51,MATA BOR KUNING 6',,PCS,BI,1907.0,
556,"MB KNG6,5",MXXX52,"MATA BOR KUNING 6,5'",,PCS,BI,3233.0,
557,MB KNG7,MXXX53,MATA BOR KUNING 7',,PCS,BI,3977.27,
558,"MB KNG7,5",MXXX54,"MATA BOR KUNING 7,5'",,PCS,BI,0.0,
559,MB KNG8,MXXX55,MATA BOR KUNING 8',,PCS,BI,4177.67,
560,MB KNG9,MXXX56,MATA BOR KUNING 9',,PCS,BI,0.0,
561,MB MTF 10,MIWA01,MATA BOR MULTIFUNGSI 10 MM IWA,IWA,PCS,SMT,14300.0,
562,MB MTF 6,MIWA02,MATA BOR MULTIFUNGSI 6 MM IWA,IWA,PCS,SMT,9900.0,
563,MB MTF 8,MIWA03,MATA BOR MULTIFUNGSI 8 MM IWA,IWA,PCS,SMT,11385.0,
564,MBOR 13 BOSCH,MBOS07,MESIN BOR 13 MM BOSCH,BOSCH,PCS,RKW,600066.0,
565,MBOR 2100C,MMOD29,MESIN BOR M2100C 10MM,MODERN,PCS,GMM,218405.0,
566,MCAS M-12V,MMOD30,MESIN CAS M-12V ELECTRIC DRILL,MODERN,PCS,MT,332500.0,
567,MCAS M-13V,MMOD31,MESIN CAS M-13V ELECTRIC DRILL,MODERN,PCS,MT,332500.0,
568,MG GWS700,MBOS08,MESIN GRENDA GWS700 BOSCH,BOSCH,PCS,RKW,400044.0,
569,MT CIRCLE HS 4,MHAS23,"MATA CIRCLE 4"" HASSTON",HASSTON,PCS,CPI,29425.0,
570,MT CR 4X40T,MMOD32,MATA CIRCLE 4X40T MODERN,MODERN,PCS,SUARI,22500.0,
571,MT SRK BSCH,MBOS09,MATA SERKEL BOSCH 5/8,BOSCH,PCS,RKW,125441.11,
572,MTB CLK YZ 10,MYOZ04,MATA BOR COLOK 10 YOZURI,YOZURI,PCS,STS,14250.0,
573,MTB CLK YZ 12,MYOZ05,MATA BOR COLOK 12 YOZURI,YOZURI,PCS,STS,16200.0,
574,MTB CLK YZ 6,MYOZ06,MATA BOR COLOK 6 YOZURI,YOZURI,PCS,STS,10700.0,
575,MTB CLK YZ 8,MYOZ07,MATA BOR COLOK 8 YOZURI,YOZURI,PCS,STS,12000.0,
576,MTR 10 HA,MHAS24,ROLL METER 10 X 25 HASSTON,HASSTON,PCS,CPI,36025.0,
577,MTR 10 ISCO,MISC47,ROLL 10 METER AUTOSTOP ISCO,ISCO,LSN,STD,285000.0,
578,MTR 5 ISCO,MISC48,ROLL 5 METER AUTOSTOP ISCO,ISCO,LSN,STD,150000.0,
579,MTR AIR PVC,MMIA01,METERAN AIR PVC MIAMI,MIAMI,PCS,STD,57500.0,
580,MTR BJ 3 HS,MHIO131,ROLL METER BANG JO 3 MTR HIOSHI,HIOSHI,LSN,KBB,55062.0,
581,MTR BJ 5 HS,MHIO132,ROLL METER BANG JO 5 MTR HIOSHI,HIOSHI,LSN,KBB,74727.0,
582,MTR BJ 7.5 HS,MHIO133,"ROLL METER BANG JO 7,5 MTR HIOSHI",HIOSHI,LSN,KBB,129789.0,
583,MTR HS 3 CLS,MHIO134,ROLL 3 METER HIOSHI ECO CLASSIC,HIOSHI,LSN,KBB,82000.0,
584,MTR HS 5 CLS,MHIO135,ROLL 5 METER HIOSHI ECO CLASSIC,HIOSHI,LSN,KBB,116000.0,
585,MTR HS 7.5 CLS,MHIO136,"ROLL 7,5 METER HIOSHI ECO CLASSIC",HIOSHI,LSN,KBB,206250.0,
586,MTR JLN 100M,MHIO137,ROLL MTR FIBER 100 M (METERAN JALAN),HIOSHI,PCS,KBB,53259.37,
587,MTR JLN 30M,MTOK11,METERAN JALAN 30 MTR TOKIO,TOKIO,PCS,NAS,20000.0,
588,MTR JLN 50M,MHIO138,ROLL MTR FIBER 50 M (METERAN JALAN),HIOSHI,PCS,KBB,40000.0,
589,MTR MP 3 HS,MHIO139,ROLL METER MERAH PUTIH 3 MTR HIOSHI,HIOSHI,LSN,KBB,73625.0,
590,MTR MP 5 HS,MHIO140,ROLL METER MERAH PUTIH 5 MTR HIOSHI,HIOSHI,LSN,KBB,102125.0,
591,MTR MP 7.5 HS,MHIO141,ROLL METER MERAH PUTIH 7.5 MTR HIOSHI,HIOSHI,LSN,KBB,190000.0,
592,MTR OTM 3,MHIO142,ROLL METER OTOMAT 3 MTR HIOSHI,HIOSHI,LSN,KBB,146832.0,
593,MTR OTM 5,MHIO143,ROLL METER OTOMAT 5 MTR HIOSHI,HIOSHI,LSN,KBB,230736.0,
594,MTR OTM 7.5,MHIO144,"ROLL METER OTOMAT 7,5 MTR HIOSHI",HIOSHI,LSN,KBB,464550.0,
595,MTR TRSP 5,MAXE01,ROLL METER TRANSPARAN AXELL 5 MTR,AXELL,LSN,SU,82500.0,
596,MTR UG3 HS,MHIO145,ROLL METER UPGRADE 3 MTR HIOSHI,HIOSHI,LSN,KBB,85737.5,
597,MTR UG5 HS,MHIO146,ROLL METER UPGRADE 5 MTR HIOSHI,HIOSHI,LSN,KBB,92268.75,
598,MTR UG7.5 HS,MHIO147,"ROLL METER UPGRADE 7,5 MTR HIOSHI",HIOSHI,LSN,KBB,198550.0,
599,MTR VPR 7.5,MVPR04,"ROLL METERAN 3 STOP 7,5 MTR VPR",VPR,LSN,MSM,145000.0,
600,MTRES3,MESS02,ROLL METER ESSEN 3 MTR,ESSEN,LSN,GMM,118587.84,
601,MTRES3 EXTR,MHIO148,ROLL METER EXTREME 3M (AUTOSTOP) HIOSHI,HIOSHI,LSN,KBB,152000.0,
602,MTRES5,MESS03,ROLL METER ESSEN 5 MTR,ESSEN,LSN,GMM,210700.0,
603,MTRES5 EXTR,MHIO149,ROLL METER EXTREME 5M (AUTOSTOP) HIOSHI,HIOSHI,LSN,KBB,194750.0,
604,"MTRES7,5",MESS04,"ROLL METER ESSEN 7,5",ESSEN,LSN,GMM,367500.0,
605,MTRHS5 ECO,MHIO150,ROLL 5 MTR HIOSHI ECO,HIOSHI,LSN,KBB,87875.0,
606,MURTD1/2,MXXX57,MUR TANDON 1/2 X 3/4,,PCS,STD,2000.0,
607,MURTD3/4,MXXX58,MUR TANDON 3/4 X 1,,PCS,STD,2650.0,
608,OB HP TORA,MTOR02,OBENG HP TORA,TORA,SET,SMM,67754.5,
609,OB KTK HS,MHIO151,OBENG KETOK KARET 2800 HIOSHI,HIOSHI,PCS,KBB,47369.96,
610,OB MT ANGIN,MBOS10,OBENG MATA ANGIN PH2,BOSCH,PAK,RKW,101300.0,
611,OBB EXT4,MHIO152,OBENG BOLAK BALIK / OBB EXTREME 4',HIOSHI,LSN,KBB,74100.0,
612,OBB USA 4,MMAX02,"OBENG BOLAK BALIK / OBB USA 4"" MAXTECH",MAXTECH,LSN,STD,49500.0,
613,OBB USA HSJ,MHSJ01,OBENG BOLAK BALIK / OBB USA HSJ,HSJ,LSN,MSM,37500.0,
614,OBB USA LEON,MLEO07,OBENG BOLAK BALIK / OBB USA LEON,LEON,LSN,NIB,42000.0,
615,OBBPVC290,MHIO153,OBENG 2 WAY / OBB WARNA N0.290 3X5 HIOSHI,HIOSHI,LSN,KBB,23750.0,
616,OBBPVC3,MHIO154,OBENG 2 WAY WARNA PLASTIK 3X5 HIOSHI,HIOSHI,LSN,KBB,21591.0,
617,OVPL 2 GM,MGOM67,"OVERVAL PLAT GOMEO 2""",GOMEO,LSN,NIB,12250.0,
618,OVPL 2.5 GM,MGOM68,"OVERVAL PLAT GOMEO 2.5""",GOMEO,LSN,NIB,13500.0,
619,OVPL 3 GM,MGOM69,"OVERVAL PLAT GOMEO 3""",GOMEO,LSN,NIB,15000.0,
620,OVPL 4 GM,MGOM70,"OVERVAL PLAT GOMEO 4""",GOMEO,LSN,NIB,16500.0,
621,P SPD MINI,MXXX59,POMPA SEPEDA MINI XP TOOL,,PCS,STD,12000.0,
622,P SPD TOKIO,MTOK12,POMPA SEPEDA PEG PVC TOKIO,TOKIO,PCS,NAS,32500.0,
623,P SPD VPR,MVPR05,POMPA SEPEDA + MTR CHROME VPR,VPR,PCS,MSM,36500.0,
624,PAHATKY1,MMAX03,TATAH GG KARET 5/16 MAXTECH,MAXTECH,LSN,STD,157500.0,
625,PAHATKY2,MMAX04,TATAH GG KARET 1/4 MAXTECH,MAXTECH,LSN,STD,155455.0,
626,PAHATKY3,MMAX05,TATAH GG KARET 5/8 MAXTECH,MAXTECH,LSN,STD,238500.0,
627,PAHATKY4,MMAX06,TATAH GG KARET 3/4 MAXTECH,MAXTECH,LSN,STD,261000.0,
628,PAHATKY5,MMAX07,TATAH GG KARET 1.1/4 MAXTECH,MAXTECH,LSN,STD,297000.0,
629,PAHATKY6,MMAX08,TATAH GG KARET 1.1/2 MAXTECH,MAXTECH,LSN,STD,241364.0,
630,PAHATKY7,MMAX09,TATAH GG KARET 3/8 MAXTECH,MAXTECH,LSN,STD,220500.0,
631,PAHATKY8,MMAX10,TATAH GG KARET 1/2 MAXTECH,MAXTECH,LSN,STD,229500.0,
632,PAHATKY9,MMAX11,TATAH GG KARET 1 MAXTECH,MAXTECH,LSN,STD,279000.0,
633,PB GDO100,MGDO04,PAKU BETON GDO 100,GDO,BOX,BI,51772.66,
634,PB GDO120,MGDO05,PAKU BETON GDO 120,GDO,BOX,BI,68000.0,
635,PB GDO20,MGDO06,PAKU BETON GDO 20,GDO,BOX,BI,5407.7,
636,PB GDO25,MGDO07,PAKU BETON GDO 25,GDO,BOX,BI,0.0,
637,PB GDO30,MGDO08,PAKU BETON GDO 30,GDO,BOX,BI,7727.35,
638,PB GDO40,MGDO09,PAKU BETON GDO 40,GDO,BOX,BI,13136.75,
639,PB GDO50,MGDO10,PAKU BETON GDO 50,GDO,BOX,BI,17772.73,
640,PB GDO60,MGDO11,PAKU BETON GDO 60,GDO,BOX,BI,24721.24,
641,PB GDO70,MGDO12,PAKU BETON GDO 70,GDO,BOX,BI,29363.67,
642,PB GDO80,MGDO13,PAKU BETON GDO 80,GDO,BOX,BI,41727.27,
643,PB KNG 1.1/2 HS,MHIO155,PAKU BETON KUNING 1.1/2 HIOSHI (250GR),HIOSHI,BOX,KBB,9089.6,
644,PB KNG 1.1/4 HS,MHIO156,PAKU BETON KUNING 1.1/4 HIOSHI (250GR),HIOSHI,BOX,KBB,9089.6,
645,PB KNG 2 HS,MHIO157,PAKU BETON KUNING 2 HIOSHI (250GR),HIOSHI,BOX,KBB,9089.6,
646,PB KNG 3 HS,MHIO158,PAKU BETON KUNING 3 HIOSHI (250GR),HIOSHI,BOX,KBB,9089.6,
647,PB KNG1.1/2,MTOR03,PAKU BETON KUNING 1.1/2 TORA,TORA,BOX,SMM,13871.0,
648,PB KNG2,MTOR04,PAKU BETON KUNING 2 TORA,TORA,BOX,SMM,19206.0,
649,PB KNG3,MTOR05,PAKU BETON KUNING 3 TORA,TORA,BOX,SMM,25608.0,
650,PBH 100,MHIO159,PAKU BETON HITAM 100 HIOSHI,HIOSHI,BOX,KBB,20500.0,
651,PBH 125,MHIO160,PAKU BETON HITAM 125 HIOSHI,HIOSHI,BOX,KBB,16397.3,
652,PBH 20,MHIO161,PAKU BETON HITAM 20 HIOSHI,HIOSHI,BOX,KBB,16031.25,
653,PBH 25,MHIO162,PAKU BETON HITAM 25 HIOSHI,HIOSHI,BOX,KBB,16031.25,
654,PBH 30,MHIO163,PAKU BETON HITAM 30 HIOSHI,HIOSHI,BOX,KBB,20500.0,
655,PBH 30 250GR,MHIO164,PAKU BETON HITAM 30 (250 GR),HIOSHI,BOX,KBB,9089.6,
656,PBH 40,MHIO165,PAKU BETON HITAM 40 HIOSHI,HIOSHI,BOX,KBB,20500.0,
657,PBH 40 250GR,MHIO166,PAKU BETON HITAM 40 (250 GR),HIOSHI,BOX,KBB,9089.6,
658,PBH 50,MHIO167,PAKU BETON HITAM 50 HIOSHI,HIOSHI,BOX,KBB,22550.0,
659,PBH 50 250GR,MHIO168,PAKU BETON HITAM 50 (250 GR),HIOSHI,BOX,KBB,9089.6,
660,PBH 63,MHIO169,PAKU BETON HITAM 60 HIOSHI,HIOSHI,BOX,KBB,20500.0,
661,PBH 70,MHIO170,PAKU BETON HITAM 70 HIOSHI,HIOSHI,BOX,KBB,20500.0,
662,PBH 70 250GR,MHIO171,PAKU BETON HITAM 70 (250 GR),HIOSHI,BOX,KBB,9089.6,
663,PBHD1,MHIO172,"PAKU BETON PUTIH HD 1""",HIOSHI,BOX,KBB,9089.6,
664,PBHD1.1/2,MHIO173,"PAKU BETON PUTIH HD 1.1/2""",HIOSHI,BOX,KBB,22550.0,
665,PBHD1.1/4,MHIO174,"PAKU BETON PUTIH HD 1.1/4""",HIOSHI,BOX,KBB,9089.6,
666,PBHD2,MHIO175,"PAKU BETON PUTIH HD 2""",HIOSHI,BOX,KBB,9089.6,
667,PBHD2.1/2,MHIO176,"PAKU BETON PUTIH HD 2.1/2""",HIOSHI,BOX,KBB,18050.0,
668,PBHD3,MHIO177,"PAKU BETON PUTIH HD 3""",HIOSHI,BOX,KBB,9089.6,
669,PBHD4,MHIO178,"PAKU BETON PUTIH HD 4""",HIOSHI,BOX,KBB,22550.0,
670,PENGKI HLM,MHEL01,PENGKI WARNA HELMUT,HELMUT,LSN,SPS,81000.0,
671,PENGKI RYR,MREY02,PENGKI REYNER,REYNER,LSN,NIB,81000.0,
672,PK KALSI MTR,MMAT01,PAKU KALSIBOARD MATRIX,MATRIX,BOX,SU,16750.0,
673,PK KALSI VPR,MVPR06,PAKU KALSIBOARD 1',VPR,BOX,SMSL,16000.0,
674,PK RV SIP 435,MXXX60,PAKU RIVET SIP 435,,BOX,SUARI,52500.0,
675,PK RV SIP 440,MXXX61,PAKU RIVET SIP 440,,BOX,SUARI,60500.0,
676,PK RV SIP 450,MXXX62,PAKU RIVET SIP 450,,BOX,SUARI,61000.0,
677,PK RV SIP 540,MXXX63,PAKU RIVET SIP 540,,BOX,SUARI,87000.0,
678,PK RV SIP 550,MXXX64,PAKU RIVET SIP 550,,BOX,SUARI,78000.0,
679,PK SG ER2,MERD01,"PAKU SENG ERDOS 2""",ERDOS,DOS,MSM,120000.0,
680,PK SG GRT2,MGRT18,"PAKU SENG GRT 2""",GRT,DOS,SMSL,106500.0,
681,PL BDM 2LB,MHIO179,PALU BODEM 2 LB HIOSHI,HIOSHI,PCS,KBB,51656.25,
682,PL KMB 12P,MVPR07,PALU KAMBING 12OZ P VPR,VPR,LSN,MSM,215000.0,
683,PL KMB 12R,MVPR08,PALU KAMBING 12OZ R VPR,VPR,LSN,MSM,220000.0,
684,PL KMB 16P,MVPR09,PALU KAMBING 16OZ P VPR,VPR,LSN,MSM,245000.0,
685,PL KMB 16R,MVPR10,PALU KAMBING 16OZ R VPR,VPR,LSN,MSM,250000.0,
686,PL KMB 8P,MVPR11,PALU KAMBING 8OZ P VPR,VPR,LSN,MSM,185000.0,
687,PL KMB 8R,MVPR12,PALU KAMBING 80Z R VPR,VPR,LSN,MSM,190000.0,
688,PL MINI 8OZ,MYUS06,PALU MINI 8OZ YUSTAR,YUSTAR,LSN,HHH,166250.0,
689,PL PP 12R,MYUS07,PALU KAMBING PIPA 12OZ R YUSTAR,YUSTAR,PCS,HHH,17860.0,
690,PL PP 8R,MYUS08,PALU KAMBING PIPA 8OZ R YUSTAR,YUSTAR,PCS,HHH,15040.0,
691,PL RADAR ST70,MXXX65,PELAMPUNG RADAR ST70,,PCS,STD,38000.0,
692,PLBOLAKNG1/2,MHIO180,PELAMPUNG BOLA KUNINGAN 1/2,HIOSHI,PCS,KBB,64676.0,
693,PLBOLAKNG3/4,MHIO181,PELAMPUNG BOLA KUNINGAN 3/4,HIOSHI,PCS,KBB,69920.0,
694,PLMP L SC07,MISC49,PELAMPUNG L SC-07 ISCO,ISCO,PCS,STD,20000.0,
695,PLMP T SC07,MISC50,PELAMPUNG T SC-07 ISCO,ISCO,PCS,STD,20000.0,
696,PLMPG SC70,MISC51,PELAMPUNG WATERLEVEL ST70 ISCO,ISCO,PCS,STD,40000.0,
697,PMP CLP SAN EI,MSAN02,POMPA CELUP SAN EI 135 NON AUTO,SAN EI,PCS,STD,490000.0,
698,PMP OT SC-125,MTEX01,POMPA OTOMATIS SC-125 TEXAS,TEXAS,PCS,STD,29000.0,
699,PMP OT SC125 1/4,MISC52,OTOMATIS POMPA SC-125 1/4 ISCO,ISCO,PCS,STD,26000.0,
700,PMP OT SC125 IS,MISC53,OTOMATIS POMPA SC-125 3/8 ISCO,ISCO,PCS,STD,26000.0,
701,PMP OT SC130 IS,MISC54,POMPA OTOMATIS SC-130 ISCO,ISCO,PCS,STD,27000.0,
702,POT HLMT,MHEL02,POT HELMUT HYPER 45,HELMUT,LSN,SPS,525200.14,
703,PR CTRL PUMP,MTOR06,PRESS CONTROL / AUTOMATIC PUMP,TORA,PCS,SMM,288750.0,
704,PRES CTRL,MISC55,PRESSURE CONTROL SC88 ISCO,ISCO,PCS,STD,220000.0,
705,PTKC TC59,MTOY01,ALAT POTONG KACA TC-59 TOYO,TOYO,PCS,SA,11400.0,
706,PTPP STRS,MSTR01,ALAT POTONG PIPA PVC STRAUSS,STRAUSS,PCS,LGA,34639.0,
707,RASKAM KZ,MKAZ01,RASKAM KAZOET (GARIS),KAZOET,LSN,SU,52500.0,
708,RASKAM RYN,MXXX66,RASKAM REYNER PTH,,LSN,NIB,122000.0,
709,RD 3,MXXX67,RODA ONLY 3',,PCS,NAS,5750.0,
710,RD 4,MXXX68,RODA ONLY 4',,PCS,NAS,9500.0,
711,RD 6,MXXX69,RODA ONLY 6',,PCS,NAS,23500.0,
712,RD 8,MXXX70,RODA ONLY 8',,PCS,NAS,33000.0,
713,RD BLT RRT,MXXX71,RODA BULAT RRT,,SET,GSS,15500.0,
714,RD HDP KRT ABU 2,MSSS01,"RODA HIDUP KARET ABU 2"" SSS",SSS,PCS,DWS,10500.0,
715,RD HDP KRT ABU 3,MSSS02,"RODA HIDUP KARET ABU 3"" SSS",SSS,PCS,DWS,19250.0,
716,RD HDP KRT HTM 3,MSSS03,"RODA HIDUP KARET HITAM 3"" SSS",SSS,PCS,DWS,9500.0,
717,RD HDP KRT HTM 4,MSSS04,"RODA HIDUP KARET HITAM 4"" SSS",SSS,PCS,DWS,16250.0,
718,RD HDP KRT HTM 5,MSSS05,"RODA HIDUP KARET HITAM 5"" SSS",SSS,PCS,DWS,21875.0,
719,RD HDP KRT HTM 8,MSSS06,"RODA HIDUP KARET HITAM 8"" SSS",SSS,PCS,DWS,57500.0,
720,RD HDP NY MRH REM 2,MSSS07,"RODA HIDUP NYLON MERAH + REM 2"" SSS",SSS,PCS,DWS,5000.0,
721,RD HDP NY PTH 2,MSSS08,RODA HIDUP NYLON PUTIH 2' SSS,SSS,PCS,DWS,3500.0,
722,RD HDP REM 3,MSSS09,"RODA HIDUP WITH REM 3"" SSS",SSS,PCS,DWS,15000.0,
723,RD HDP REM 5,MSSS10,"RODA HIDUP WITH REM 5"" SSS",SSS,PCS,DWS,28125.0,
724,RD HDP REM 6,MSSS11,"RODA HIDUP WITH REM 6"" SSS",SSS,PCS,DWS,61250.0,
725,RD HDP TK3,MTOK13,RODA KARET HIDUP TOKIO 3',TOKIO,PCS,NAS,11970.0,
726,RD HDP TK4,MTOK14,RODA KARET HIDUP TOKIO 4',TOKIO,PCS,NAS,20520.0,
727,RD LORI,MXXX72,RODA LORI BIRU TOKIO 8 AS 25,,PCS,NAS,35625.0,
728,RD MT HTM 4,MSSS12,"RODA MATI HITAM 4"" SSS",SSS,PCS,DWS,15250.0,
729,RD MT HTM 5,MSSS13,RODA MATI HITAM 5'' SSS,SSS,PCS,DWS,18750.0,
730,RD MT HTM 6,MSSS14,"RODA MATI HITAM 6"" SSS",SSS,PCS,DWS,41875.0,
731,RD MT TK3,MTOK15,RODA KARET MATI TOKIO 3',TOKIO,PCS,NAS,10687.5,
732,RD MT TK4,MTOK16,RODA KARET MATI TOKIO 4',TOKIO,PCS,NAS,17955.0,
733,RD PP HDP NY 5,MSSS15,"RODA PP HIDUP NYLON 5"" SSS",SSS,PCS,DWS,24000.0,
734,RD PP MT NY 5,MSSS16,"RODA PP MATI NYLON 5"" SSS",SSS,PCS,DWS,20500.0,
735,RD REM 3,MTOK17,RODA KARET REM (MERAH) TOKIO 3',TOKIO,PCS,NAS,16200.0,
736,RD REM 4,MTOK18,RODA KARET REM (MERAH) TOKIO 4',TOKIO,PCS,NAS,18382.5,
737,RD REM 6,MXXX73,RODA KARET REM TOKIO 6',,PCS,NAS,68000.0,
738,RD REM MR 2,MSSS17,"RODA 2"" REM MERAH (DB) SSS",SSS,PCS,DWS,10331.25,
739,RDBR HVDT 6,MGLX04,"RODA ONLY BIRU HV DUTY 6"" GLX",GLX,PCS,GSS,31000.0,
740,RDBR HVDT 8,MGLX05,"RODA ONLY BIRU HV DUTY 8"" GLX",GLX,PCS,GSS,41000.0,
741,RDGP MRH,MXXX74,RODA GEPENG/KARET MERAH,,SET,GSS,19000.0,
742,RDGP PTH,MXXX75,RODA GEPENG PUTIH,,SET,GSS,18000.0,
743,RDGP PVC MATI,MTOK19,RODA GEPENG PVC MATI TOKIO,TOKIO,SET,NAS,13000.0,
744,RDMT GUNDUL,MXXX76,RODA / BAN MATI GUNDUL,,PCS,HHH,59850.0,
745,RDMT IGM,MIGM09,RODA / BAN MATI IGM,IGM,PCS,IGM,77272.73000000000,
746,RDMT LUMBA,MLUM01,RODA / BAN MATI LUMBA2,LUMBA LUMBA,PCS,HHH,59850.0,
747,RDMT SAN,MSAN03,RODA / BAN MATI SANSHAN,SANSHAN,PCS,SA,85500.0,
748,RDMT TEX,MTEX02,RODA / BAN MATI TEXAS WARNA,TEXAS,PCS,STD,85000.0,
749,RMP HJ,MXXX77,ROMPI JARING HIJAU,,PCS,SMT,6250.0,
750,RMP ORG,MXXX78,ROMPI JARING ORANGE,,PCS,SMT,6250.0,
751,RT M2850,MMOD33,ROUTER M2850,MODERN,PCS,GMM,736250.0,
752,RTAJ KL2.5,MXXX79,RANTAI ANJING KALEP 2.5 MM,,LSN,GSS,103500.0,
753,RTAJ KL3,MXXX80,RANTAI ANJING KALEP 3 MM,,LSN,GSS,121500.0,
754,S AIR PVC03,MHIO182,SEMPROTAN AIR PLASTIK 03,HIOSHI,PCS,KBB,25236.75,
755,S TAPE 1/2 HS,MHIO183,SEALTAPE ECO 12X10 (1/2) HIOSHI,HIOSHI,PCS,KBB,926.25,
756,SEAL DAB,MISC56,SEAL DAB 125 KOTAK,ISCO,PCS,STD,3850.0,
757,SF KE-935,MECE01,SIFONE WASTAFEL EXECUTIVE KE-935,ECEXUTIVE,PCS,BI,43000.0,
758,SF PVC 1.1/4,MGLX06,"SIFONE PVC GLX 1.1/4""",GLX,SET,GSS,14750.0,
759,SGT SS ISCO,MISC57,SARINGAN GOT TEBAL S/S ISCO,ISCO,PCS,STD,26500.0,
760,SGT SS LEON,MLEO08,SARINGAN GOT S/S LEON,LEON,PCS,NIB,3900.0,
761,SGYP GRT 1,MGRT19,"SKRUP GYPSUM GRT 1""",GRT,BOX,SMSL,10250.0,
762,SGYP GRT 1.1/2,MGRT20,"SKRUP GYPSUM GRT 1.1/2""",GRT,BOX,SMSL,10250.0,
763,SGYP GRT 1.1/4,MGRT21,"SKRUP GYPSUM GRT 1.1/4""",GRT,BOX,SMSL,10250.0,
764,SGYP GRT 2,MGRT22,"SKRUP GYPSUM GRT 2""",GRT,BOX,SMSL,10250.0,
765,SHW KT,MSKL04,SHOWER KOTAK TEMBOK SKL,SKL,PCS,SDL,31191.08,
766,SIL ALLM,MXXX81,SILINDER ALLUMINIUM,,PCS,SUARI,21000.0,
767,SILBLCK,MHIO184,LEM SILICONE BLACK HIOSHI,HIOSHI,PCS,KBB,17812.5,
768,SILCLR,MHIO185,LEM SILICONE CLEAR HIOSHI,HIOSHI,PCS,KBB,17812.5,
769,SILWHT,MHIO186,LEM SILICONE WHITE HIOSHI,HIOSHI,PCS,KBB,17812.5,
770,SK MGNT 3,MTOK20,"SIKU MAGNET LAS 3"" TOKIO",TOKIO,PCS,NAS,12500.0,
771,SK TR M2700,MMOD34,SAKLAR TRIMMER M2700,MODERN,PCS,GMM,4000.0,
772,SKP AMICO,MAMI01,SEKOP AMICO,AMICO,LSN,KBB,594320.0,
773,SKP HS,MHIO187,SEKOP ECO PAPAK HIOSHI,HIOSHI,LSN,KBB,506250.0,
774,SKR FB 3 CH,MCHI01,"SKRAP GAGANG FIBER 3"" CHIYO",CHIYO,LSN,MSM,41000.0,
775,SKR GYP 1,MHIO188,SKRUP GYPSUM 1' HIOSHI,HIOSHI,KG ,KBB,27500.0,
776,SKR GYP 1 LMB,MLUM02,"SKRUP GYPSUM 6 X 1"" LUMBA2",LUMBA LUMBA,COL,IKS,630000.0,
777,SKR GYP 1.1/2 LMB,MLUM03,"SKRUP GYPSUM 6 X 1.1/2"" LUMBA2",LUMBA LUMBA,COL,IKS,630000.0,
779,SKR GYP 2 LMB,MLUM04,"SKRUP GYPSUM 6 X 2"" LUMBA2",LUMBA LUMBA,COL,IKS,630000.0,
780,SKR KRT 2,MXXX82,SKRAP GG KARET 2 YOZURI,,LSN,STS,58055.45,
781,SKR KRT 2 1/2,MXXX83,SKRAP GG KARET 2 1/2 YOZURI,,LSN,STS,61180.0,
782,SKR KRT 2 CH,MXXX84,SKRAP GG KARET 2 CHIYO,,LSN,MSM,36000.0,
783,SKR KRT 2.1/2 CH,MCHI02,SKRAP GG KARET 2.1/2 CHIYO,CHIYO,LSN,MSM,38500.0,
784,SKR KRT 3,MXXX85,SKRAP GG KARET 3 YOZURI,,LSN,STS,63365.0,
785,SKR KRT 3 CH,MXXX86,SKRAP GG KARET 3 CHIYO,,LSN,MSM,41000.0,
786,SKR KRT 4 CH,MXXX87,SKRAP GG KARET 4 CHIYO,,LSN,MSM,46000.0,
787,SKR KY 1.5,MXXX88,"SKRAP GG KAYU 1,5",,LSN,STS,20187.5,
788,SKR KY 2.5,MXXX89,"SKRAP GG KAYU 2,5",,PCS,STS,22325.0,
789,SKR KY 3,MXXX90,SKRAP GG KAYU 3,,LSN,STS,24082.5,
790,SKR PVC 5,MZEL01,SKRAP PVC 5' ZELIG,ZELIG,PCS,MC,535.0,
791,SKR PVC 7,MZEL02,SKRAP PVC 7' ZELIG,ZELIG,PCS,MC,905.0,
792,SKR PVC 9,MZEL03,SKRAP PVC 9' ZELIG,ZELIG,PCS,MC,1410.0,
793,SKR SET SS,MKOA01,SKRAP SET S/S KOALA,KOALA,SET,GSS,18000.0,
794,SKRP CHW 1,MXXX91,SKRUP CHW 1,,BOX,SUARI,3650.0,
795,SKRP CHW 1.1/2,MXXX92,SKRUP CHW 1.1/2,,PCS,SUARI,6400.0,
796,SKRP CHW 1.1/4,MXXX93,SKRUP CHW 1.1/4,,PCS,SUARI,4550.0,
797,SKRP CHW 3/4,MXXX94,SKRUP CHW 3/4,,BOX,SUARI,3350.0,
798,SKRP CHW 5/8,MXXX95,SKRUP CHW 5/8,,BOX,SUARI,2700.0,
799,SKRP SIP 5/8,MSIP01,SKRUP SIP 5/8 X 5,SIP,GR ,SUARI,5350.0,
800,SKT BAJA,MGDO14,SIKAT KAWAT BAJA 6 BARIS GDO / NISHIO,GDO,LSN,GPS,39000.0,
801,SKT KNG 8,MEAG01,SIKAT KAWAT KUNING 8',EAGLE,LSN,STS,34250.0,
802,SKT KNG VG,MVEG03,SIKAT KUNING BENGKOK VEGAZ,VEGAZ,LSN,VJP,45100.0,
803,SKT MGK,MOWN02,"SIKAT MANGKOK KN 3'"" OWNER",OWNER,PCS,STS,5080.12,
804,SKT MGK KING,MXXX96,SIKAT MANGKOK KING,,PCS,HHH,4650.0,
805,SKTBJ KNG PVC,MXXX97,SIKAT BAJA KUNING BENGKOK PLASTIK TOKIO,,LSN,NAS,50000.0,
806,SKTBJ PVC HTM,MXXX98,SIKAT BAJA GG PLASTIK HITAM TOKIO 6 JL,,LSN,NAS,42750.0,
807,SKTKG 12 SS,MVPR13,"SIKU TUKANG STAINLESS 12"" VPR JUMBO",VPR,LSN,MSM,145000.0,
808,SL BAK BR,MMIT01,SLONTONG BAK BIRU 3/4,MITSUTOYO,LSN,SU,13500.0,
809,SL BAK BR 1,MMIT02,"SLONTONG BAK BIRU 1""",MITSUTOYO,LSN,SU,26000.0,
810,SL BAK HJ,MMIT03,SLONTONG BAK HIJAU 3/4,MITSUTOYO,LSN,SU,12500.0,
811,SL BAK PK,MMIT04,SLONTONG BAK PINK 3/4,MITSUTOYO,LSN,SU,13500.0,
812,SL BAK PK 1,MMIT05,"SLONTONG BAK PINK 1""",MITSUTOYO,LSN,SU,26000.0,
813,SL FLX 30,MISC58,SELANG FLEXIBEL 30 CM ISCO,ISCO,PCS,STD,9000.0,
814,SL FLX 40,MISC59,SELANG FLEXIBEL 40 CM ISCO,ISCO,PCS,STD,10000.0,
815,SL FLX 50,MISC60,SELANG FLEXIBEL 50 CM ISCO,ISCO,PCS,STD,11000.0,
816,SL MSN CC 1.5,MHPP02,"SELANG MESIN CUCI 1,5 MTR HPP",HPP,PCS,SU,14250.0,
817,SL PP TBG,MTOK21,SELANG POMPA TABUNG TOKIO,TOKIO,PCS,NAS,4000.0,
818,SLG SHW FLX,MXXX99,SELANG SHOWER FLEXIBLE,,PCS,VJP,22000.0,
819,SLND KCB IS,MISC61,SILINDER KUNCI BESAR ISCO,ISCO,LSN,STD,225000.0,
820,SLND KCK IS,MISC62,SILINDER KUNCI KECIL/TGG ISCO,ISCO,LSN,STD,212500.0,
821,SLOTBT MDRN 3,MHIO189,SLOTING BITS MODERN 3MM,HIOSHI,PCS,SUARI,18500.0,
822,SPRYGUN ISCO,MISC63,SPRAY GUN F75G ISCO,ISCO,PCS,STD,82000.0,
823,SPRYGUN MTCH,MMAX12,SPRAY GUN F75G MAXTECH,MAXTECH,PCS,STD,82000.0,
824,SR10X12,MGDO15,SIKU RAK 10 X 12 GDO,GDO,LSN,GPS,62500.0,
825,SR10X12 NI,MXXX100,SIKU RAK 10 X 12,,LSN,NIB,65000.0,
826,SR10X12 PTH,MGRT23,SIKU RAK PUTIH 10 X 12 GRT,GRT,LSN,SMSL,55575.0,
827,SR12X14,MGDO16,SIKU RAK 12 X 14 GDO,GDO,LSN,GPS,95000.0,
828,SR12X14 MJ,MMJP02,SIKU RAK 12 X 14 MJP,MJP,LSN,NIB,75000.0,
829,SR12X14 NI,MXXX101,SIKU RAK 12 X 14,,LSN,NIB,83500.0,
830,SR12X14 PTH,MGRT24,SIKU RAK PUTIH 12 X 14 GRT,GRT,LSN,SMSL,68875.0,
831,SR5X6 PTH,MGRT25,SIKU RAK PUTIH 5 X 6 GRT,GRT,LSN,SMSL,20900.0,
832,SR5X6 PTH KR,MKUR06,SIKU RAK PUTIH 5 X 6 KR,KURA,LSN,KS,29400.0,
833,SR6X8,MGDO17,SIKU RAK 6 X 8 GDO,GDO,LSN,NIB,43500.0,
834,SR6X8 NI,MXXX102,SIKU RAK 6 X 8,,LSN,NIB,30455.0,
835,SR6X8 PTH,MGRT26,SIKU RAK PUTIH 6 X 8 GRT,GRT,LSN,SMSL,27075.0,
836,SR8X10,MGDO18,SIKU RAK 8 X 10 GDO,GDO,LSN,GPS,44000.0,
837,SR8X10 MJ,MXXX103,SIKU RAK 8 X 10 MJP,,LSN,NIB,52500.0,
838,SR8X10 PROF,MPRO11,SIKU RAK 8 X 10 PROFIX,PROFIX,LSN,NIB,35000.0,
839,SR8X10 PTH,MGRT27,SIKU RAK PUTIH 8 X 10 GRT,GRT,LSN,SMSL,35625.0,
840,SR8X10 PTH KR,MKUR07,SIKU RAK PUTIH 8 X 10 KR,KURA,LSN,KS,38500.0,
841,SRG TGN BT,MMAT02,SARUNG TANGAN BINTIK MTHR,MATAHARI,LSN,MSI,25000.0,
842,SRG TGN BT HS,MHIO190,SARUNG TANGAN BINTIK HIOSHI,HIOSHI,LSN,KBB,29716.0,
843,SRG TGN BT HTM,MMAT03,SARUNG TANGAN BINTIK HITAM MTHR,MATAHARI,LSN,MSI,23000.0,
844,SRG TGN PL HS,MHIO191,SARUNG TANGAN POLOS HIOSHI,HIOSHI,LSN,KBB,22724.0,
845,STGRHD1,MHIO192,STANG GRAJI BESI HD-1 HIOSHI,HIOSHI,PCS,KBB,21312.5,
846,STGRHGG01,MHIO193,STANG GRAJI BESI GG KARET HIOSHI,HIOSHI,LSN,KBB,235125.0,
847,TALI NY 1 MM,MNIC02,TALI NYLON 1 MM NICHIE,NICHIE,PAK,NAS,32500.0,
848,TANG BY,MHIO194,TANG BUAYA 2 TONE 10' (BULAT),HIOSHI,PCS,KBB,34200.0,
849,TANG GNTG,MHIO195,TANG GANTUNG SATIN KOMBINASI 7',HIOSHI,PCS,KBB,26220.0,
850,TANG KOM6,MESS05,TANG KOMBINASI ESSEN 6',ESSEN,PCS,GMM,20636.0,
851,TANG KOM8,MESS06,TANG KOMBINASI ESSEN 8',ESSEN,PCS,GMM,27273.0,
852,TANG KOM8 YS,MYUS09,TANG KOMBINASI 8' YUSTAR ( TANG BC ),YUSTAR,PCS,HHH,9635.0,
853,TANG KP KBL,MTOR07,TANG KUPAS KABEL TORA,TORA,PCS,SMM,29000.0,
854,TANG LAS,MNIC03,TANG LAS MDL AMERICA NICHIE 800A / STANG LAS,NICHIE,PCS,NAS,27500.0,
855,TANG LAS K,MXXX104,TANG LAS RHINO 200 A / STANG LAS K,,PCS,NAS,17500.0,
856,TANG LCP 6,MHIO196,"TANG LANCIP 6"" HIOSHI",HIOSHI,PCS,KBB,23598.0,
857,TANG PTG 6,MHIO197,TANG POTONG 6',HIOSHI,PCS,KBB,23598.0,
858,TANG RVT,MCAM03,TANG RIVET OTOMATIS KW 1 CAMEL,CAMEL,PCS,PTMS,52273.0,
859,TANG RVT HS,MHIO198,"TANG RIVET 11,5 HIOSHI",HIOSHI,PCS,KBB,39187.5,
860,TANG RVT HS10,MHIO199,"TANG RIVET 10,5 HIOSHI",HIOSHI,PCS,KBB,31464.0,
861,TANG RVT HST,MHAS25,TANG RIVET HASSTON,HASSTON,PCS,CPI,46640.0,
862,TANGMNHSH,MHIO200,"TANG POTONG MINI 4,5 ORANYE HIOSHI",HIOSHI,PCS,KBB,10450.0,
863,TCT MDRN,MMOD35,"TCT SAW BLADE 4""X24T (MATA SERKEL)",MODERN,PCS,MT,12600.0,
864,TIMB BLT 10KG,MHIO201,TIMBANGAN BULAT 10 KG HIOSHI ECO HTD001B,HIOSHI,PCS,KBB,114712.5,
865,TIMB BLT 15KG,MHIO202,TIMBANGAN BULAT 15 KG HIOSHI ECO HTD001C,HIOSHI,PCS,KBB,114712.5,
866,TIMB BLT 20KG,MHIO203,TIMBANGAN BULAT 20 KG HIOSHI ECO,HIOSHI,PCS,KBB,114712.5,
867,TIMB BLT 5KG,MHIO204,TIMBANGAN BULAT 5 KG HIOSHI ECO,HIOSHI,PCS,KBB,133000.0,
868,TIMB GNT 100KG,MHIO205,TIMBANGAN GANTUNG 100KG HIOSHI,HIOSHI,PCS,KBB,69920.0,
869,TIMB GNT 50KG,MHIO206,TIMBANGAN GANTUNG 50KG HIOSHI,HIOSHI,PCS,KBB,69920.0,
870,TMBK LEM,MXXX105,ALAT TEMBAKAN LEM CROP TEBAL STRAUSS,,PCS,LGA,22003.8,
871,TMBK LEM TK,MTOK22,TEMBAKAN LEM TEBAL TOKIO,TOKIO,PCS,NAS,17500.0,
872,TR COM GDO,MGDO19,TARIKAN COM GDO GT001/ DOOR HANDLE,GDO,PCS,BI,12363.64,
873,TR LACI 6,MKZK02,"TARIKAN LACI 6""",KZK,LSN,BS,25000.0,
874,TR PTKY ISCO,MISC64,TARIKAN PINTU KAYU ISCO,ISCO,SET,STD,36500.0,
875,TTH FBGT 1,MHIO207,TATAH FIBER GANTUNG 1 (25MM) HIOSHI,HIOSHI,LSN,KBB,209475.0,
876,TTH FBGT 1.1/2,MHIO208,TATAH FIBER GANTUNG 1.1/2 (38MM) HIOSHI,HIOSHI,LSN,KBB,235980.0,
877,TTH FBGT 1.1/4,MHIO209,TATAH FIBER GANTUNG 1.1/4 (32MM) HIOSHI,HIOSHI,LSN,KBB,222300.0,
878,TTH FBGT 1/2,MHIO210,TATAH FIBER GANTUNG 1/2 (13MM) HIOSHI,HIOSHI,LSN,KBB,183825.0,
879,TTH FBGT 3/4,MHIO211,TATAH FIBER GANTUNG 3/4 (20MM) HIOSHI,HIOSHI,LSN,KBB,200925.0,
880,TTH FBGT 3/8,MHIO212,TATAH FIBER GANTUNG 3/8 (10MM) HIOSHI,HIOSHI,LSN,KBB,173052.0,
881,TTH FBGT 5/8,MHIO213,TATAH FIBER GANTUNG 5/8 (16MM) HIOSHI,HIOSHI,LSN,KBB,196650.0,
882,TTK AMP K,MXXX106,TATAKAN AMPLAS KASAR,,PCS,NIB,2775.0,
883,VAN BELT TORA,MTOR08,VAN BELT TORA,TORA,PCS,SMM,7150.0,
884,VPR FLEX 18,MVPR14,MATA GRAJI VPR FLEX 18T,VPR,PCS,MSM,900.9,
885,VPR FLEX 24,MVPR15,MATA GRAJI VPR FLEX 24T,VPR,PCS,MSM,900.9,
886,WATERMUR,MXXX107,WATERMUR ABU-ABU 1 X 3/4,,PCS,STD,1545.0,
887,WB SB35,MROY01,BCP/ WASHBAK ROYAL SB35,ROYAL,PCS,WG,160455.0,
888,WTRMUR1/2,MXXX108,WATERMUR BENING 1 X 1/2,,PCS,STD,2409.0,
889,WTRMUR3/4,MXXX109,WATERMUR BENING 1 X 3/4,,PCS,STD,2650.0,
890,SKR GYP 1.1/4 LMB,MLUM05,"SKRUP GYPSUM 6 X 1.1/4"" LUMBA2",LUMBA LUMBA,COL,IKS,630000.0,
891,KC SMRT LOCK,MISC65,KUNCI PINTU SMART LOCK ISCO,ISCO,PCS,STD,750000.0,
892,RD HDP KRT ABU 2 REM,MSSS18,"RODA HIDUP KARET ABU 2"" W/REM SSS",SSS,PCS,DWS,14000.0,
893,KR TMN CC80 ISCO,MISC66,KRAN TAMAN JEMPOL CC80 ISCO,ISCO,LSN,STD,37500.0,
894,BDM 4LB YS,MYUS10,BODEM 4 LB YUSTAR,YUSTAR,PCS,HHH,17200.0,
895,BDM 8LB YS,MYUS11,BODEM 8 LB YUSTAR,YUSTAR,PCS,HHH,34400.0,
896,BDM 10LB YS,MYUS12,BODEM 10 LB YUSTAR,YUSTAR,PCS,HHH,43000.0,
897,BDM 12LB YS,MYUS13,BODEM 12 LB YUSTAR,YUSTAR,PCS,HHH,51600.0,
898,BDM 14LB YS,MYUS14,BODEM 14 LB YUSTAR,YUSTAR,PCS,HHH,60200.0,
899,BDM 16LB YS,MYUS15,BODEM 16 LB YUSTAR,YUSTAR,PCS,HHH,68800.0,
900,BDM 6LB YS,MYUS16,BODEM 6 LB YUSTAR,YUSTAR,PCS,HHH,25800.0,
901,BDM 18LB YS,MYUS17,BODEM 18 LB YUSTAR,YUSTAR,PCS,HHH,77400.0,
902,BDM 20LB YS,MYUS18,BODEM 20 LB YUSTAR,YUSTAR,PCS,HHH,86000.0,
903,AMP BLT 80 VPR,MVPR16,AMPLAS BULAT 80 VPR,VPR,PCS,MSM,265.0,
904,TALI TR 5 MT,MXXX110,TALI TRUCK 5 MTR,,PCS,SMM,27500.0,
905,BD BITS MDRN 1/4,MMOD36,BEADING BITS MODERN 1/4,MODERN,PCS,SUARI,23000.0,
906,KP BS HTM OWN,MOWN03,KUNCI PINTU BESAR HITAM OWNER,OWNER,SET,STS,57500.0,
907,RD MT RED 2 DB,MSSS19,"RODA MATI MERAH 2"" PPU DB SSS",SSS,PCS,DWS,8431.24,
908,RD HDP RED 2 DB,MSSS20,"RODA HIDUP MERAH 2"" PPU DB SSS",SSS,PCS,DWS,10331.24,
909,RD HDP ABU 3,MSSS21,"RODA HIDUP ABU 3"" SSS",SSS,PCS,DWS,19250.0,
910,KWL1/2PTH GRT,MGRT28,KAWAT LOKET 1/2 PUTIH PATRI GRT,GRT,ROL,SMSL,760000.0,
911,KP TGG MU-03,MISC67,KUNCI PINTU TGG BABET BULAT MU-03 ISCO,ISCO,PCS,STD,46000.0,
912,MTR VPR 5,MVPR17,ROLL METER 5 MTR VPR,VPR,LSN,MSM,85000.0,
913,BAKCAT AWS HTM,MAWS04,BAK CAT HITAM SUPER AWS,AWS,LSN,NIB,55000.0,
914,KC RG 14X15 HST,MHAS26,KUNCI RING 14 X 15 HASSTON,HASSTON,PCS,CPI,19950.0,
915,KC PAS 14X15 HST,MHAS27,KUNCI PAS 14 X 15 HASSTON,HASSTON,PCS,CPI,14600.0,
916,CB TIES HTM400,MHAS28,CABLE TIES HITAM 400,HASSTON,PCS,CPI,29755.0,
917,CB TIES PTH400,MHAS29,CABLE TIES PUTIH 400,HASSTON,PCS,CPI,29755.0,
919,CB TIES PTH500 HS,MHAS30,CABLE TIES PUTIH 500 HS,HASSTON,PCS,CPI,80465.0,
920,KOP KACA 1 HEAD,MHAS31,KOP KACA 1 HEAD PRESSURE GAUGE,HASSTON,PCS,CPI,218460.0,
921,RF TUB BAN 200,MHAS32,REFILL TUBLES BAN 200MM,HASSTON,PCS,CPI,37565.0,
922,KC BACO 6,MHAS33,"KUNCI BACO 6"" ST HASSTON",HASSTON,PCS,CPI,38335.0,
923,U ANGIN BAN TG3,MHAS34,U ANGIN BAN TG3 HASSTON,HASSTON,PCS,CPI,85690.0,
924,TANG KRT 6 HS,MHAS35,"TANG KARET 6"" HASSTON",HASSTON,PCS,CPI,53020.0,
925,TANG KRT 7 HS,MHAS36,"TANG KARET 7"" HASSTON",HASSTON,PCS,CPI,60225.0,
926,KP SOK 8 HS,MHAS37,KEPALA SOK 8M S6 HASSTON,HASSTON,PCS,CPI,8690.0,
927,KP SOK 10 HS,MHAS38,KEPALA SOK 10M S6 HASSTON,HASSTON,PCS,CPI,8690.0,
928,KP SOK 12 HS,MHAS39,KEPALA SOK 12M S6 HASSTON,HASSTON,PCS,CPI,8690.0,
929,KP SOK 14 HS,MHAS40,KEPALA SOK 14M S6 HASSTON,HASSTON,PCS,CPI,8690.0,
930,KP SOK 19 HS,MHAS41,KEPALA SOK 19 S6 HASSTON,HASSTON,PCS,CPI,11165.0,
931,KP SOK 24 HS,MHAS42,KEPALA SOK 24M S6 HASSTON,HASSTON,PCS,CPI,14080.0,
932,KC SOK 10 PS,MHAS43,KUNCI SOK 10 PS HASSTON,HASSTON,PCS,CPI,195415.0,
933,KC SOK 25 PS,MHAS44,KUNCI SOK 25 PS HASSTON,HASSTON,PCS,CPI,703340.0,
934,AIR DST HS,MHAS45,AIR DUSTER 1+3 (THREE IN ONE) HASSTON,HASSTON,PCS,CPI,33990.0,
935,CB TIES HTM500 HS,MHAS46,CABLE TIES HITAM 500 HS,HASSTON,PCS,CPI,80465.0,
936,KP TGG MU-05,MISC68,KUNCI PINTU TGG BABET KOTAK MU-05 ISCO,ISCO,PCS,STD,46000.0,
937,BEARING 20MM TK,MTOK23,BEARING GEROBAK PASIRTOKIO 20MM,TOKIO,PCS,NAS,3750.0,
938,GR KOPI BS 14 TK,MTOK24,GERGAJI KOPI GG BESI 14 TOKIO,TOKIO,PCS,NAS,35000.0,
939,JARUM KR 6 TK,MTOK25,JARUM KARUNG TOKIO 6,TOKIO,PAK,NAS,40000.0,
940,RDGP HDP PTH TK,MTOK26,"RODA NYLON PTH HIDUP TOKIO 50MM /2""",TOKIO,SET,NAS,12500.0,
941,TANG LAS 300A,MNIC04,TANG LAS MDL ITALY 200-300A NICHIE,NICHIE,PCS,NAS,16500.0,
942,PMP SMZ PS116,MSHI01,POMPA SHIMIZU PS116 BIT,SHIMIZU,PCS,SIM,502503.0,
951,BC ONDA 1/2,MOND01,KRAN TEMBOK BC 1/2 ONDA,ONDA,PCS,SIM,30450.0,
952,BL ONDA 3/4 NEW,MOND02,KRAN TEMBOK BL 3/4 ONDA NEW,ONDA,PCS,SIM,43500.0,
953,BC ONDA 3/4 NEW,MOND03,KRAN TEMBOK BC 3/4 ONDA NEW,ONDA,PCS,SIM,61081.25,
954,A801 T ONDA 1/2,MOND04,KRAN TEMBOK A 801 T 1/2 ONDA,ONDA,PCS,SIM,62893.75,
955,CLS 02 ONDA 1/2,MOND05,STOP KRAN CLS 02 ONDA 1/2,ONDA,PCS,SIM,64706.25,
956,A SUS ONDA 1/2,MOND06,"KRAN T A-SUS ONDA 1/2""",ONDA,PCS,SIM,88631.67,
957,KRNBSTBK 12OND,MOND07,V-TUL FLEXI TEMBOK ONDA,ONDA,PCS,SIM,162762.75,
958,KRNSTFL TEMOND,MOND08,"V-SUS FLEXI TEMBOK 1/2"" ONDA",ONDA,PCS,SIM,206987.5,
959,STPKNV637TOND,MOND09,"V 637 T ONDA 1/2""",ONDA,PCS,SIM,80112.5,
960,KRNBSTNM12OND,MOND10,V-TUL FLEXI TANAM ONDA,ONDA,PCS,SIM,154062.5,
961,KRNSTFLTANOND,MXXX111,"V-SUS FLEXI TANAM 1/2"" ONDA",,PCS,,205356.25,
962,KRNSTVSU12OND,MOND11,"V-SUS TANAM ONDA 1/2""",ONDA,PCS,SIM,148081.25,
963,BSTCHY321COND,MOND12,"Y 321 C ONDA 1/2"" (R)",ONDA,PCS,SIM,151888.0,
964,ACSCHKTU12OND,MOND13,"K-TUL ONDA 1/2""",ONDA,PCS,SIM,91168.75,
965,MXRSTK406COND,MOND14,"K 406 CTG ONDA 1/2""",ONDA,PCS,SIM,146450.0,
966,MXRSTBT121OND,MOND15,"BATH-TUL ONDA 1/2"" (N)",ONDA,PCS,SIM,504962.5,
967,SWRCHJK036OND,MOND16,JET KUL WHITE ONDA,ONDA,PCS,SIM,83012.5,
968,MXRSTJF08SOND,MOND17,"JF 08 ST ONDA 1/2"" (ANGLE VALVE)",ONDA,PCS,SIM,79206.25,
969,SWRCHSOTULOND,MOND18,SO TUL ONDA,ONDA,PCS,SIM,131406.25,
970,SWRCHSO28OND,MOND19,SO KUL ONDA (BLISTER PACK),ONDA,PCS,SIM,128325.0,
971,ACSPVST172OND,MOND20,"SEALTAPE ONDA 1/2"" 10M (ST01)",ONDA,PCS,SIM,3987.5,
972,VLPPVPV22OND,MOND21,"PVCBV ONDA 1/2""",ONDA,PCS,SIM,17943.75,
973,VLPPVPPVC26OND,MOND22,"PVCBV ONDA 3/4""",ONDA,PCS,SIM,25918.75,
974,VLPPVPVC32OND,MOND23,"PVCBV ONDA 1""",ONDA,PCS,SIM,31718.75,
975,VLPPVPVC42OND,MOND24,"PVCBV ONDA 1-1/4""",ONDA,PCS,SIM,47306.5,
976,VLPPVPVC48OND,MOND25,"PVCBV ONDA 1-1/2""",ONDA,PCS,SIM,85006.25,
977,VLPPVPVC60OND,MOND26,"PVCBV ONDA 2""",ONDA,PCS,SIM,91168.75,
978,PK SG ULIR 3,MERD02,"PAKU SENG ULIR 3"" ERDOS",ERDOS,DOS,MSM,147500.0,
979,MTR VPR 3,MVPR18,ROLL METER 3 MTR  VPR,VPR,LSN,MSM,65000.0,
980,CH VALVE 1/2 HS,MHIO214,"CHECK VALVE (TUSEN KLEP) 1/2""",HIOSHI,PCS,KBB,0.0,
981,CH VALVE 3/4 HS,MHIO215,"CHECK VALVE (TUSEN KLEP) 3/4""",HIOSHI,PCS,KBB,0.0,
982,FOOT KL 3/4 HS,MHIO216,"FOOT KLEP PRO 3/4"" HIOSHI",HIOSHI,PCS,KBB,0.0,
983,BT10HSH RUNCING,MHIO217,BETEL TOPI 10 X 16 RUNCING HIOSHI,HIOSHI,PCS,KBB,0.0,
984,BV PVC 1/2 HS,MHIO218,"BALL VALVE PVC HD 1/2"" HIOSHI",HIOSHI,PCS,KBB,0.0,
985,BV PVC 1 HS,MHIO219,"BALL VALVE PVC HD 1"" HIOSHI",HIOSHI,PCS,KBB,0.0,
986,CTK KRT LCP 237 HS,MHIO220,CETOK KARET LANCIP 2-3-7 HIOSHI,HIOSHI,LSN,KBB,0.0,
987,CTK KRT BLT 247 HS,MHIO221,CETOK KARET BULAT 2-4-7 HIOSHI,HIOSHI,LSN,KBB,0.0,
988,CATK PP NO2 HS,MHIO222,CATOK PIPA PRO NO.2 (1/2-3.1/2) HS,HIOSHI,PCS,KBB,0.0,
989,BTAS HD8 HS,MHIO223,BATU ASAH HD 8 ORANYE / HITAM HIOSHI,HIOSHI,PCS,KBB,0.0,
990,CB TIES 100 MC HS,MHIO224,CABLE TIES 10 X 2.5MM MIX COLOR HIOSHI,HIOSHI,PAK,KBB,0.0,
991,CB TIES 150 MC HS,MHIO225,CABLE TIES 15 X 2.5MM MIX COLOR HIOSHI,HIOSHI,PAK,KBB,0.0,
992,CB TIES 200 MC HS,MHIO226,CABLE TIES 20 X 2.5MM MIX COLOR HIOSHI,HIOSHI,PAK,KBB,0.0,
993,CB TIES 250 MC HS,MHIO227,CABLE TIES 25 X 2.5MM MIX COLOR HIOSHI,HIOSHI,PAK,KBB,0.0,
994,CB TIES 300 MC HS,MHIO228,CABLE TIES 30 X 2.5MM MIX COLOR HIOSHI,HIOSHI,PAK,KBB,0.0,
995,BB EXT 4X80 HS,MHIO229,BOR BETON EXTREME 4 X 80MM HIOSHI,HIOSHI,PCS,KBB,0.0,
996,MTR RCH 3 HS,MHIO230,ROLL METER RACHET 3 MTR PLAT HITAM HIOSHI,HIOSHI,LSN,KBB,0.0,
997,MTR RCH 5 HS,MHIO231,ROLL METER RACHET 5 MTR PLAT HITAM HIOSHI,HIOSHI,LSN,KBB,0.0,
998,MTR RCH 7.5 HS,MHIO232,ROLL METER RACHET 7.5 MTR PLAT HTM HIOSHI,HIOSHI,LSN,KBB,0.0,
999,GNT SENG HD8 HS,MHIO233,GUNTING SENG HD 8 HIOSHI,HIOSHI,PCS,KBB,0.0,
1000,GNT 20CM SG HS,MHIO234,GUNTING KERTAS BESAR 20CM SOFT GRIP HIOSHI,HIOSHI,PCS,KBB,0.0,
1001,GNT DHN HD9 HS,MHIO235,GUNTING DAHAN HD 9 GANTUNG HIOSHI,HIOSHI,PCS,KBB,0.0,
1002,KC RD PLG 16 HS,MHIO236,"KUNCI RODA PALANG 16"" (PLAT PENGAMAN) HIOSHI",HIOSHI,PCS,KBB,0.0,
1003,GR BR HD18 HS,MHIO237,"GERGAJI BATA RINGAN HD 18"" (GG KAYU) HIOSHI",HIOSHI,LSN,KBB,0.0,
1004,PL KMB KY HD80Z,MHIO238,PALU KAMBING KAYU HD 80Z HIOSHI,HIOSHI,PCS,KBB,0.0,
1005,PL KMB KY HD120Z,MHIO239,PALU KAMBING KAYU HD 120Z HIOSHI,HIOSHI,PCS,KBB,0.0,
1006,PL TK KY HD300G,MHIO240,PALU TUKANG KAYU HD 300G HIOSHI,HIOSHI,PCS,KBB,0.0,
1007,PL PON EXT 2LB HS,MHIO241,PALU PON EXTREME (FIBER HANDLE) 1KG 2LB,HIOSHI,PCS,KBB,0.0,
1008,PT GR HD60 HS,MHIO242,POTONG GRANIT HD 60CM (TITANIUM),HIOSHI,PCS,KBB,0.0,
1009,MT PTG HD60CM,MHIO243,MATA POTONG HD 60CM (TITANIUM) HIOSHI,HIOSHI,PCS,KBB,0.0,
1010,TREK 3 KK3 HS,MHIO244,TREKER 3 KAKI 3 HIOSHI,HIOSHI,PCS,KBB,0.0,
1011,TREK 3 KK4 HS,MHIO245,TREKER 3 KAKI 4 HIOSHI,HIOSHI,PCS,KBB,0.0,
1012,MR KR BR HS,MHIO246,MARKING KRAYON BIRU HIOSHI,HIOSHI,LSN,KBB,0.0,
1013,TANG BY HD10 LCP,MHIO247,TANG BUAYA HD10 LAPIS KARET MATA LANCIP,HIOSHI,PCS,KBB,0.0,
1014,TIMB GNT 150KG,MHIO248,TIMBANGAN GANTUNG ECO 150KG HIJAU HIOSHI,HIOSHI,PCS,KBB,0.0
